"Date and Time Run 1","Time (s) Run 1","Position (m) Run 1","Velocity (m/s) Run 1","Acceleration (m/s²) Run 1","Date and Time Run 2","Time (s) Run 2","Position (m) Run 2","Velocity (m/s) Run 2","Acceleration (m/s²) Run 2","Date and Time Run 3","Time (s) Run 3","Position (m) Run 3","Velocity (m/s) Run 3","Acceleration (m/s²) Run 3","Date and Time Run 4","Time (s) Run 4","Position (m) Run 4","Velocity (m/s) Run 4","Acceleration (m/s²) Run 4","Date and Time Run 5","Time (s) Run 5","Position (m) Run 5","Velocity (m/s) Run 5","Acceleration (m/s²) Run 5","Date and Time Run 6","Time (s) Run 6","Position (m) Run 6","Velocity (m/s) Run 6","Acceleration (m/s²) Run 6","Date and Time Run 7","Time (s) Run 7","Position (m) Run 7","Velocity (m/s) Run 7","Acceleration (m/s²) Run 7","Date and Time Run 8","Time (s) Run 8","Position (m) Run 8","Velocity (m/s) Run 8","Acceleration (m/s²) Run 8","Date and Time Run 9","Time (s) Run 9","Position (m) Run 9","Velocity (m/s) Run 9","Acceleration (m/s²) Run 9","Date and Time Run 10","Time (s) Run 10","Position (m) Run 10","Velocity (m/s) Run 10","Acceleration (m/s²) Run 10","Date and Time Run 11","Time (s) Run 11","Position (m) Run 11","Velocity (m/s) Run 11","Acceleration (m/s²) Run 11","Date and Time Run 12","Time (s) Run 12","Position (m) Run 12","Velocity (m/s) Run 12","Acceleration (m/s²) Run 12","Date and Time Run 13","Time (s) Run 13","Position (m) Run 13","Velocity (m/s) Run 13","Acceleration (m/s²) Run 13","Date and Time Run 14","Time (s) Run 14","Position (m) Run 14","Velocity (m/s) Run 14","Acceleration (m/s²) Run 14","Date and Time Run 15","Time (s) Run 15","Position (m) Run 15","Velocity (m/s) Run 15","Acceleration (m/s²) Run 15","Date and Time Run 16","Time (s) Run 16","Position (m) Run 16","Velocity (m/s) Run 16","Acceleration (m/s²) Run 16","Date and Time Run 17","Time (s) Run 17","Position (m) Run 17","Velocity (m/s) Run 17","Acceleration (m/s²) Run 17","Date and Time Run 18","Time (s) Run 18","Position (m) Run 18","Velocity (m/s) Run 18","Acceleration (m/s²) Run 18","Date and Time Run 19","Time (s) Run 19","Position (m) Run 19","Velocity (m/s) Run 19","Acceleration (m/s²) Run 19","Date and Time Run 20","Time (s) Run 20","Position (m) Run 20","Velocity (m/s) Run 20","Acceleration (m/s²) Run 20","Date and Time Run 21","Time (s) Run 21","Position (m) Run 21","Velocity (m/s) Run 21","Acceleration (m/s²) Run 21"
10/06/2023 01:06:42 pm,0.000,0.12,,,10/06/2023 01:11:30 pm,0.000,0.12,,,10/06/2023 01:12:03 pm,0.000,0.12,,,10/06/2023 01:14:49 pm,0.000,0.12,,,10/06/2023 01:15:26 pm,0.000,0.12,,,10/06/2023 01:16:35 pm,0.000,0.12,,,10/06/2023 01:16:48 pm,0.000,0.12,,,10/06/2023 01:18:55 pm,0.000,0.13,,,10/06/2023 01:20:00 pm,0.000,0.12,,,10/06/2023 01:20:08 pm,0.000,0.15,,,10/06/2023 01:21:26 pm,0.000,0.13,,,10/06/2023 01:23:04 pm,0.000,0.12,,,10/06/2023 01:24:00 pm,0.000,0.12,,,10/06/2023 01:24:36 pm,0.000,0.13,,,10/06/2023 01:26:00 pm,0.000,0.13,,,10/06/2023 01:26:02 pm,0.000,0.96,,,10/06/2023 01:27:01 pm,0.000,0.12,,,10/06/2023 01:28:04 pm,0.000,0.13,,,10/06/2023 01:29:01 pm,0.000,0.12,,,10/06/2023 01:29:37 pm,0.000,0.12,,,10/06/2023 01:29:54 pm,0.000,0.12,,
10/06/2023 01:06:42 pm,0.050,0.12,0.06,,10/06/2023 01:11:30 pm,0.050,0.12,0.00,,10/06/2023 01:12:03 pm,0.050,0.12,0.00,,10/06/2023 01:14:49 pm,0.050,0.12,0.00,,10/06/2023 01:15:26 pm,0.050,0.12,0.00,,10/06/2023 01:16:35 pm,0.050,0.12,0.00,,10/06/2023 01:16:48 pm,0.050,0.12,0.00,,10/06/2023 01:18:55 pm,0.025,0.13,-0.03,,10/06/2023 01:20:00 pm,0.025,0.12,0.00,,10/06/2023 01:20:08 pm,0.025,0.15,-0.01,,10/06/2023 01:21:26 pm,0.025,0.13,0.71,,10/06/2023 01:23:04 pm,0.025,0.12,0.00,,10/06/2023 01:24:00 pm,0.025,0.12,0.00,,10/06/2023 01:24:36 pm,0.025,0.13,0.00,,10/06/2023 01:26:00 pm,0.025,0.13,-0.04,,10/06/2023 01:26:02 pm,0.025,0.96,-0.03,,10/06/2023 01:27:01 pm,0.025,0.12,0.00,,10/06/2023 01:28:04 pm,0.025,0.13,-0.01,,10/06/2023 01:29:01 pm,0.025,0.12,0.00,,10/06/2023 01:29:37 pm,0.025,0.12,0.00,,10/06/2023 01:29:54 pm,0.025,0.12,0.00,
10/06/2023 01:06:42 pm,0.100,0.13,0.00,-0.71,10/06/2023 01:11:30 pm,0.100,0.12,-1.65E-5,0.02,10/06/2023 01:12:03 pm,0.100,0.12,0.00,0.03,10/06/2023 01:14:49 pm,0.100,0.12,0.00,0.00,10/06/2023 01:15:26 pm,0.100,0.12,0.00,-0.01,10/06/2023 01:16:35 pm,0.100,0.12,0.00,1.34,10/06/2023 01:16:48 pm,0.100,0.12,0.00,1.56,10/06/2023 01:18:55 pm,0.050,0.13,-0.01,0.58,10/06/2023 01:20:00 pm,0.050,0.12,0.00,1.90,10/06/2023 01:20:08 pm,0.050,0.15,0.00,0.33,10/06/2023 01:21:26 pm,0.050,0.16,0.12,-16.32,10/06/2023 01:23:04 pm,0.050,0.12,0.00,0.00,10/06/2023 01:24:00 pm,0.050,0.12,0.00,0.00,10/06/2023 01:24:36 pm,0.050,0.13,0.00,0.00,10/06/2023 01:26:00 pm,0.050,0.13,-0.02,0.79,10/06/2023 01:26:02 pm,0.050,0.96,-0.03,0.07,10/06/2023 01:27:01 pm,0.050,0.12,0.00,0.00,10/06/2023 01:28:04 pm,0.050,0.13,0.00,0.14,10/06/2023 01:29:01 pm,0.050,0.12,0.00,0.00,10/06/2023 01:29:37 pm,0.050,0.12,0.00,-0.05,10/06/2023 01:29:54 pm,0.050,0.12,0.00,0.02
10/06/2023 01:06:42 pm,0.150,0.12,-0.01,-0.22,10/06/2023 01:11:30 pm,0.150,0.12,0.00,-0.01,10/06/2023 01:12:03 pm,0.150,0.12,0.00,-0.01,10/06/2023 01:14:49 pm,0.150,0.12,0.00,0.00,10/06/2023 01:15:26 pm,0.150,0.12,-7.54E-4,0.14,10/06/2023 01:16:35 pm,0.150,0.12,0.13,0.40,10/06/2023 01:16:48 pm,0.150,0.12,0.16,0.58,10/06/2023 01:18:55 pm,0.075,0.13,0.00,0.22,10/06/2023 01:20:00 pm,0.075,0.12,0.09,0.85,10/06/2023 01:20:08 pm,0.075,0.15,0.00,0.61,10/06/2023 01:21:26 pm,0.075,0.13,-0.11,-8.22,10/06/2023 01:23:04 pm,0.075,0.12,0.00,0.00,10/06/2023 01:24:00 pm,0.075,0.12,0.00,0.00,10/06/2023 01:24:36 pm,0.075,0.13,0.00,0.00,10/06/2023 01:26:00 pm,0.075,0.13,0.00,0.74,10/06/2023 01:26:02 pm,0.075,0.96,-0.02,-0.01,10/06/2023 01:27:01 pm,0.075,0.12,0.00,0.00,10/06/2023 01:28:04 pm,0.075,0.13,0.00,0.06,10/06/2023 01:29:01 pm,0.075,0.12,0.00,0.00,10/06/2023 01:29:37 pm,0.075,0.12,0.00,-0.04,10/06/2023 01:29:54 pm,0.075,0.12,0.00,-0.02
10/06/2023 01:06:42 pm,0.200,0.12,-0.01,0.06,10/06/2023 01:11:30 pm,0.200,0.12,2.08E-5,-0.03,10/06/2023 01:12:03 pm,0.200,0.12,0.00,0.02,10/06/2023 01:14:49 pm,0.200,0.12,0.00,-6.56E-4,10/06/2023 01:15:26 pm,0.200,0.13,0.02,0.04,10/06/2023 01:16:35 pm,0.200,0.13,0.13,-0.92,10/06/2023 01:16:48 pm,0.200,0.13,0.15,-0.60,10/06/2023 01:18:55 pm,0.100,0.13,0.00,0.04,10/06/2023 01:20:00 pm,0.100,0.13,0.09,-0.30,10/06/2023 01:20:08 pm,0.100,0.15,0.00,0.22,10/06/2023 01:21:26 pm,0.100,0.14,-0.25,-2.18,10/06/2023 01:23:04 pm,0.100,0.12,0.00,0.00,10/06/2023 01:24:00 pm,0.100,0.12,0.00,0.00,10/06/2023 01:24:36 pm,0.100,0.13,0.00,-0.08,10/06/2023 01:26:00 pm,0.100,0.13,-8.04E-4,1.11,10/06/2023 01:26:02 pm,0.100,0.96,-0.02,-0.11,10/06/2023 01:27:01 pm,0.100,0.12,0.00,-1.11E-4,10/06/2023 01:28:04 pm,0.100,0.13,0.00,0.02,10/06/2023 01:29:01 pm,0.100,0.12,0.00,0.00,10/06/2023 01:29:37 pm,0.100,0.12,0.00,-0.02,10/06/2023 01:29:54 pm,0.100,0.12,1.63E-5,-0.03
10/06/2023 01:06:42 pm,0.250,0.12,5.61E-4,0.13,10/06/2023 01:11:30 pm,0.250,0.12,0.00,-0.05,10/06/2023 01:12:03 pm,0.250,0.12,0.00,0.09,10/06/2023 01:14:49 pm,0.250,0.12,0.00,0.09,10/06/2023 01:15:26 pm,0.250,0.12,0.02,-0.22,10/06/2023 01:16:35 pm,0.250,0.16,0.00,-1.77,10/06/2023 01:16:48 pm,0.250,0.17,0.03,-1.48,10/06/2023 01:18:55 pm,0.125,0.13,0.00,0.02,10/06/2023 01:20:00 pm,0.125,0.14,0.03,-0.74,10/06/2023 01:20:08 pm,0.125,0.15,0.07,-1.53,10/06/2023 01:21:26 pm,0.125,0.14,-0.15,1.04,10/06/2023 01:23:04 pm,0.125,0.12,0.00,0.00,10/06/2023 01:24:00 pm,0.125,0.12,0.00,0.00,10/06/2023 01:24:36 pm,0.125,0.13,1.86E-4,-0.30,10/06/2023 01:26:00 pm,0.125,0.13,0.05,1.27,10/06/2023 01:26:02 pm,0.125,0.96,-0.03,-0.15,10/06/2023 01:27:01 pm,0.125,0.12,0.00,0.01,10/06/2023 01:28:04 pm,0.125,0.13,0.00,-0.01,10/06/2023 01:29:01 pm,0.125,0.12,0.00,0.00,10/06/2023 01:29:37 pm,0.125,0.12,0.00,-0.01,10/06/2023 01:29:54 pm,0.125,0.12,0.00,-0.02
10/06/2023 01:06:42 pm,0.300,0.12,0.00,0.20,10/06/2023 01:11:30 pm,0.300,0.12,-0.01,-0.04,10/06/2023 01:12:03 pm,0.300,0.12,0.01,0.05,10/06/2023 01:14:49 pm,0.300,0.12,-1.97E-4,0.21,10/06/2023 01:15:26 pm,0.300,0.13,-0.01,-0.39,10/06/2023 01:16:35 pm,0.300,0.12,-0.14,-0.90,10/06/2023 01:16:48 pm,0.300,0.12,-0.05,-1.03,10/06/2023 01:18:55 pm,0.150,0.13,0.00,0.05,10/06/2023 01:20:00 pm,0.150,0.12,0.01,0.88,10/06/2023 01:20:08 pm,0.150,0.15,-0.04,-3.89,10/06/2023 01:21:26 pm,0.150,0.13,-0.16,2.62,10/06/2023 01:23:04 pm,0.150,0.12,0.00,0.00,10/06/2023 01:24:00 pm,0.150,0.12,0.00,-1.11E-4,10/06/2023 01:24:36 pm,0.150,0.13,-0.01,1.16,10/06/2023 01:26:00 pm,0.150,0.13,0.10,-0.01,10/06/2023 01:26:02 pm,0.150,0.96,-0.04,-0.06,10/06/2023 01:27:01 pm,0.150,0.12,-1.66E-5,0.04,10/06/2023 01:28:04 pm,0.150,0.13,3.34E-5,-0.06,10/06/2023 01:29:01 pm,0.150,0.12,0.00,0.00,10/06/2023 01:29:37 pm,0.150,0.12,0.00,0.00,10/06/2023 01:29:54 pm,0.150,0.12,0.00,0.01
10/06/2023 01:06:42 pm,0.350,0.12,0.01,0.53,10/06/2023 01:11:30 pm,0.350,0.12,-0.01,-0.01,10/06/2023 01:12:03 pm,0.350,0.12,0.02,-0.12,10/06/2023 01:14:49 pm,0.350,0.12,0.03,0.17,10/06/2023 01:15:26 pm,0.350,0.12,-0.03,0.04,10/06/2023 01:16:35 pm,0.350,0.13,-0.14,0.41,10/06/2023 01:16:48 pm,0.350,0.14,-0.09,-0.45,10/06/2023 01:18:55 pm,0.175,0.13,0.00,0.02,10/06/2023 01:20:00 pm,0.175,0.13,0.06,1.53,10/06/2023 01:20:08 pm,0.175,0.16,-0.18,-4.37,10/06/2023 01:21:26 pm,0.175,0.13,-0.04,2.90,10/06/2023 01:23:04 pm,0.175,0.12,0.00,0.00,10/06/2023 01:24:00 pm,0.175,0.12,0.00,0.01,10/06/2023 01:24:36 pm,0.175,0.13,-0.03,2.85,10/06/2023 01:26:00 pm,0.175,0.14,0.09,-1.45,10/06/2023 01:26:02 pm,0.175,0.96,-0.03,0.05,10/06/2023 01:27:01 pm,0.175,0.12,0.00,0.05,10/06/2023 01:28:04 pm,0.175,0.13,0.00,-0.07,10/06/2023 01:29:01 pm,0.175,0.12,0.00,-2.18E-4,10/06/2023 01:29:37 pm,0.175,0.12,0.00,0.00,10/06/2023 01:29:54 pm,0.175,0.12,0.00,0.02
10/06/2023 01:06:42 pm,0.400,0.12,0.04,1.23,10/06/2023 01:11:30 pm,0.400,0.12,-0.01,0.04,10/06/2023 01:12:03 pm,0.400,0.13,0.00,-0.22,10/06/2023 01:14:49 pm,0.400,0.12,0.03,-0.08,10/06/2023 01:15:26 pm,0.400,0.12,-0.04,1.19,10/06/2023 01:16:35 pm,0.400,0.12,-0.01,1.27,10/06/2023 01:16:48 pm,0.400,0.14,-0.04,0.18,10/06/2023 01:18:55 pm,0.200,0.13,0.00,-0.01,10/06/2023 01:20:00 pm,0.200,0.13,0.20,-0.31,10/06/2023 01:20:08 pm,0.200,0.13,-0.33,-1.47,10/06/2023 01:21:26 pm,0.200,0.13,0.03,2.69,10/06/2023 01:23:04 pm,0.200,0.12,0.00,0.00,10/06/2023 01:24:00 pm,0.200,0.12,-1.66E-5,0.11,10/06/2023 01:24:36 pm,0.200,0.13,0.21,1.52,10/06/2023 01:26:00 pm,0.200,0.13,-0.04,-0.62,10/06/2023 01:26:02 pm,0.200,0.96,-0.03,0.05,10/06/2023 01:27:01 pm,0.200,0.12,0.00,0.20,10/06/2023 01:28:04 pm,0.200,0.13,-0.01,-0.02,10/06/2023 01:29:01 pm,0.200,0.12,0.00,0.02,10/06/2023 01:29:37 pm,0.200,0.12,0.00,0.00,10/06/2023 01:29:54 pm,0.200,0.12,-1.63E-5,0.03
10/06/2023 01:06:42 pm,0.450,0.12,0.12,1.98,10/06/2023 01:11:30 pm,0.450,0.12,0.00,0.07,10/06/2023 01:12:03 pm,0.450,0.12,-0.02,-0.06,10/06/2023 01:14:49 pm,0.450,0.13,0.02,-0.30,10/06/2023 01:15:26 pm,0.450,0.12,0.06,2.82,10/06/2023 01:16:35 pm,0.450,0.12,0.00,1.96,10/06/2023 01:16:48 pm,0.450,0.12,-0.11,1.56,10/06/2023 01:18:55 pm,0.225,0.13,0.00,-0.04,10/06/2023 01:20:00 pm,0.225,0.14,0.08,-3.03,10/06/2023 01:20:08 pm,0.225,0.14,-0.30,1.75,10/06/2023 01:21:26 pm,0.225,0.13,0.09,0.95,10/06/2023 01:23:04 pm,0.225,0.12,0.00,1.11E-4,10/06/2023 01:24:00 pm,0.225,0.12,9.31E-4,0.45,10/06/2023 01:24:36 pm,0.225,0.12,0.21,-2.75,10/06/2023 01:26:00 pm,0.225,0.14,-0.03,0.83,10/06/2023 01:26:02 pm,0.225,0.96,-0.03,-0.04,10/06/2023 01:27:01 pm,0.225,0.12,0.00,0.23,10/06/2023 01:28:04 pm,0.225,0.13,0.00,-0.02,10/06/2023 01:29:01 pm,0.225,0.12,-3.27E-5,0.03,10/06/2023 01:29:37 pm,0.225,0.12,0.00,0.00,10/06/2023 01:29:54 pm,0.225,0.12,0.00,0.02
10/06/2023 01:06:42 pm,0.500,0.13,0.26,2.25,10/06/2023 01:11:30 pm,0.500,0.12,0.00,0.08,10/06/2023 01:12:03 pm,0.500,0.12,-0.01,0.13,10/06/2023 01:14:49 pm,0.500,0.13,-0.01,-0.23,10/06/2023 01:15:26 pm,0.500,0.12,0.25,4.02,10/06/2023 01:16:35 pm,0.500,0.12,0.11,3.09,10/06/2023 01:16:48 pm,0.500,0.12,0.03,3.40,10/06/2023 01:18:55 pm,0.250,0.13,1.68E-5,-0.03,10/06/2023 01:20:00 pm,0.250,0.15,-0.06,-3.66,10/06/2023 01:20:08 pm,0.250,0.12,-0.14,3.21,10/06/2023 01:21:26 pm,0.250,0.13,0.11,-0.94,10/06/2023 01:23:04 pm,0.250,0.12,0.00,-0.01,10/06/2023 01:24:00 pm,0.250,0.12,0.02,0.82,10/06/2023 01:24:36 pm,0.250,0.16,-0.03,-5.57,10/06/2023 01:26:00 pm,0.250,0.12,0.12,-0.14,10/06/2023 01:26:02 pm,0.250,0.96,-0.03,-0.06,10/06/2023 01:27:01 pm,0.250,0.13,0.03,-0.15,10/06/2023 01:28:04 pm,0.250,0.12,0.00,0.02,10/06/2023 01:29:01 pm,0.250,0.12,0.00,9.82E-4,10/06/2023 01:29:37 pm,0.250,0.12,0.00,0.00,10/06/2023 01:29:54 pm,0.250,0.12,0.00,-0.01
10/06/2023 01:06:42 pm,0.550,0.15,0.38,1.85,10/06/2023 01:11:30 pm,0.550,0.12,0.00,0.07,10/06/2023 01:12:03 pm,0.550,0.12,0.01,0.23,10/06/2023 01:14:49 pm,0.550,0.13,-0.02,-0.05,10/06/2023 01:15:26 pm,0.550,0.14,0.52,3.91,10/06/2023 01:16:35 pm,0.550,0.13,0.33,4.07,10/06/2023 01:16:48 pm,0.550,0.12,0.31,4.55,10/06/2023 01:18:55 pm,0.275,0.13,0.00,0.01,10/06/2023 01:20:00 pm,0.275,0.13,-0.14,-1.30,10/06/2023 01:20:08 pm,0.275,0.13,-0.10,2.35,10/06/2023 01:21:26 pm,0.275,0.14,0.02,-2.18,10/06/2023 01:23:04 pm,0.275,0.12,1.66E-5,-0.02,10/06/2023 01:24:00 pm,0.275,0.12,0.05,0.58,10/06/2023 01:24:36 pm,0.275,0.12,-0.21,-2.64,10/06/2023 01:26:00 pm,0.275,0.14,0.05,-3.43,10/06/2023 01:26:02 pm,0.275,0.95,-0.04,0.01,10/06/2023 01:27:01 pm,0.275,0.12,0.01,-0.63,10/06/2023 01:28:04 pm,0.275,0.13,-0.01,0.66,10/06/2023 01:29:01 pm,0.275,0.12,0.00,-0.07,10/06/2023 01:29:37 pm,0.275,0.12,0.00,0.00,10/06/2023 01:29:54 pm,0.275,0.12,0.00,-0.05
10/06/2023 01:06:42 pm,0.600,0.17,0.45,1.22,10/06/2023 01:11:30 pm,0.600,0.12,0.01,0.21,10/06/2023 01:12:03 pm,0.600,0.12,0.01,0.52,10/06/2023 01:14:49 pm,0.600,0.12,0.00,0.17,10/06/2023 01:15:26 pm,0.600,0.18,0.71,2.72,10/06/2023 01:16:35 pm,0.600,0.15,0.59,3.67,10/06/2023 01:16:48 pm,0.600,0.15,0.55,3.92,10/06/2023 01:18:55 pm,0.300,0.13,-3.36E-5,0.02,10/06/2023 01:20:00 pm,0.300,0.13,-0.13,0.96,10/06/2023 01:20:08 pm,0.300,0.13,-0.04,1.20,10/06/2023 01:21:26 pm,0.300,0.13,-0.04,-1.93,10/06/2023 01:23:04 pm,0.300,0.12,0.00,0.01,10/06/2023 01:24:00 pm,0.300,0.13,0.07,-0.59,10/06/2023 01:24:36 pm,0.300,0.12,-0.21,1.19,10/06/2023 01:26:00 pm,0.300,0.14,-0.14,-3.96,10/06/2023 01:26:02 pm,0.300,0.95,-0.03,0.03,10/06/2023 01:27:01 pm,0.300,0.13,-0.03,-0.64,10/06/2023 01:28:04 pm,0.300,0.12,0.00,1.27,10/06/2023 01:29:01 pm,0.300,0.12,0.00,-0.08,10/06/2023 01:29:37 pm,0.300,0.12,0.00,1.09E-4,10/06/2023 01:29:54 pm,0.300,0.12,0.00,-0.05
10/06/2023 01:06:42 pm,0.650,0.20,0.49,0.80,10/06/2023 01:11:30 pm,0.650,0.12,0.01,0.72,10/06/2023 01:12:03 pm,0.650,0.12,0.03,1.21,10/06/2023 01:14:49 pm,0.650,0.13,-0.01,0.79,10/06/2023 01:15:26 pm,0.650,0.22,0.78,1.54,10/06/2023 01:16:35 pm,0.650,0.19,0.74,2.43,10/06/2023 01:16:48 pm,0.650,0.19,0.72,2.56,10/06/2023 01:18:55 pm,0.325,0.13,0.00,-0.05,10/06/2023 01:20:00 pm,0.325,0.13,-0.04,1.94,10/06/2023 01:20:08 pm,0.325,0.12,-0.05,0.87,10/06/2023 01:21:26 pm,0.325,0.13,-0.08,-0.98,10/06/2023 01:23:04 pm,0.325,0.12,0.00,0.01,10/06/2023 01:24:00 pm,0.325,0.13,0.03,-1.81,10/06/2023 01:24:36 pm,0.325,0.13,-0.01,2.11,10/06/2023 01:26:00 pm,0.325,0.12,-0.28,0.26,10/06/2023 01:26:02 pm,0.325,0.95,-0.03,-0.03,10/06/2023 01:27:01 pm,0.325,0.12,-0.04,0.02,10/06/2023 01:28:04 pm,0.325,0.12,0.09,0.51,10/06/2023 01:29:01 pm,0.325,0.12,-0.01,0.07,10/06/2023 01:29:37 pm,0.325,0.12,0.00,-0.01,10/06/2023 01:29:54 pm,0.325,0.12,0.00,-7.62E-4
10/06/2023 01:06:42 pm,0.700,0.22,0.52,0.68,10/06/2023 01:11:30 pm,0.700,0.12,0.06,1.53,10/06/2023 01:12:03 pm,0.700,0.12,0.12,1.98,10/06/2023 01:14:49 pm,0.700,0.12,0.03,2.06,10/06/2023 01:15:26 pm,0.700,0.26,0.81,1.21,10/06/2023 01:16:35 pm,0.700,0.23,0.80,1.42,10/06/2023 01:16:48 pm,0.700,0.23,0.79,1.58,10/06/2023 01:18:55 pm,0.350,0.13,1.34E-4,-0.05,10/06/2023 01:20:00 pm,0.350,0.13,-0.01,1.46,10/06/2023 01:20:08 pm,0.350,0.12,-0.02,0.64,10/06/2023 01:21:26 pm,0.350,0.13,-0.07,-0.48,10/06/2023 01:23:04 pm,0.350,0.12,0.00,-0.10,10/06/2023 01:24:00 pm,0.350,0.13,-0.05,-1.73,10/06/2023 01:24:36 pm,0.350,0.12,-0.05,1.30,10/06/2023 01:26:00 pm,0.350,0.12,-0.14,5.51,10/06/2023 01:26:02 pm,0.350,0.95,-0.04,-0.06,10/06/2023 01:27:01 pm,0.350,0.12,-0.02,0.42,10/06/2023 01:28:04 pm,0.350,0.13,0.09,-1.55,10/06/2023 01:29:01 pm,0.350,0.12,0.00,0.27,10/06/2023 01:29:37 pm,0.350,0.12,1.64E-5,-0.02,10/06/2023 01:29:54 pm,0.350,0.12,0.00,0.05
10/06/2023 01:06:42 pm,0.750,0.25,0.55,0.68,10/06/2023 01:11:30 pm,0.750,0.12,0.17,2.16,10/06/2023 01:12:03 pm,0.750,0.13,0.26,2.21,10/06/2023 01:14:49 pm,0.750,0.12,0.19,3.38,10/06/2023 01:15:26 pm,0.750,0.30,0.88,1.41,10/06/2023 01:16:35 pm,0.750,0.27,0.85,1.17,10/06/2023 01:16:48 pm,0.750,0.27,0.84,1.24,10/06/2023 01:18:55 pm,0.375,0.13,-0.01,6.64E-4,10/06/2023 01:20:00 pm,0.375,0.13,0.03,0.26,10/06/2023 01:20:08 pm,0.375,0.12,0.00,1.16,10/06/2023 01:21:26 pm,0.375,0.13,-0.09,0.20,10/06/2023 01:23:04 pm,0.375,0.12,0.00,-0.27,10/06/2023 01:24:00 pm,0.375,0.13,-0.10,-0.35,10/06/2023 01:24:36 pm,0.375,0.12,-0.05,1.95,10/06/2023 01:26:00 pm,0.375,0.12,0.09,9.21,10/06/2023 01:26:02 pm,0.375,0.95,-0.04,-0.02,10/06/2023 01:27:01 pm,0.375,0.12,0.01,0.25,10/06/2023 01:28:04 pm,0.375,0.14,-0.02,-2.66,10/06/2023 01:29:01 pm,0.375,0.12,0.01,0.31,10/06/2023 01:29:37 pm,0.375,0.12,0.00,-0.03,10/06/2023 01:29:54 pm,0.375,0.12,0.00,0.09
10/06/2023 01:06:42 pm,0.800,0.28,0.59,0.67,10/06/2023 01:11:30 pm,0.800,0.14,0.31,2.12,10/06/2023 01:12:03 pm,0.800,0.15,0.37,1.79,10/06/2023 01:14:49 pm,0.800,0.14,0.42,3.77,10/06/2023 01:15:26 pm,0.800,0.35,0.97,1.56,10/06/2023 01:16:35 pm,0.800,0.31,0.91,1.36,10/06/2023 01:16:48 pm,0.800,0.31,0.91,1.32,10/06/2023 01:18:55 pm,0.400,0.13,0.00,-0.04,10/06/2023 01:20:00 pm,0.400,0.13,0.02,-0.82,10/06/2023 01:20:08 pm,0.400,0.12,0.00,3.15,10/06/2023 01:21:26 pm,0.400,0.13,-0.10,0.88,10/06/2023 01:23:04 pm,0.400,0.12,-0.02,-0.20,10/06/2023 01:24:00 pm,0.400,0.12,-0.06,0.88,10/06/2023 01:24:36 pm,0.400,0.12,0.03,5.41,10/06/2023 01:26:00 pm,0.400,0.12,0.32,11.99,10/06/2023 01:26:02 pm,0.400,0.95,-0.03,-0.01,10/06/2023 01:27:01 pm,0.400,0.12,-0.01,0.62,10/06/2023 01:28:04 pm,0.400,0.13,-0.12,-1.14,10/06/2023 01:29:01 pm,0.400,0.12,0.02,0.14,10/06/2023 01:29:37 pm,0.400,0.12,0.00,-0.02,10/06/2023 01:29:54 pm,0.400,0.12,0.00,0.09
10/06/2023 01:06:42 pm,0.850,0.31,0.62,0.67,10/06/2023 01:11:30 pm,0.850,0.16,0.41,1.54,10/06/2023 01:12:03 pm,0.850,0.17,0.44,1.16,10/06/2023 01:14:49 pm,0.850,0.17,0.62,3.13,10/06/2023 01:15:26 pm,0.850,0.40,1.04,1.59,10/06/2023 01:16:35 pm,0.850,0.36,0.98,1.56,10/06/2023 01:16:48 pm,0.850,0.36,0.97,1.46,10/06/2023 01:18:55 pm,0.425,0.12,-9.55E-4,0.30,10/06/2023 01:20:00 pm,0.425,0.13,-0.04,-1.26,10/06/2023 01:20:08 pm,0.425,0.12,0.11,6.75,10/06/2023 01:21:26 pm,0.425,0.12,-0.02,1.33,10/06/2023 01:23:04 pm,0.425,0.12,-0.02,0.38,10/06/2023 01:24:00 pm,0.425,0.12,-0.01,1.02,10/06/2023 01:24:36 pm,0.425,0.12,0.20,9.94,10/06/2023 01:26:00 pm,0.425,0.14,0.65,13.35,10/06/2023 01:26:02 pm,0.425,0.95,-0.04,-0.04,10/06/2023 01:27:01 pm,0.425,0.12,-0.01,1.73,10/06/2023 01:28:04 pm,0.425,0.12,-0.10,0.97,10/06/2023 01:29:01 pm,0.425,0.12,0.02,-0.12,10/06/2023 01:29:37 pm,0.425,0.12,0.00,0.01,10/06/2023 01:29:54 pm,0.425,0.12,0.01,0.01
10/06/2023 01:06:42 pm,0.900,0.34,0.65,0.67,10/06/2023 01:11:30 pm,0.900,0.18,0.45,0.96,10/06/2023 01:12:03 pm,0.900,0.20,0.47,0.76,10/06/2023 01:14:49 pm,0.900,0.20,0.74,2.20,10/06/2023 01:15:26 pm,0.900,0.45,1.12,1.62,10/06/2023 01:16:35 pm,0.900,0.41,1.07,1.69,10/06/2023 01:16:48 pm,0.900,0.41,1.05,1.63,10/06/2023 01:18:55 pm,0.450,0.13,-0.01,0.66,10/06/2023 01:20:00 pm,0.450,0.13,-0.07,-0.70,10/06/2023 01:20:08 pm,0.450,0.12,0.35,9.74,10/06/2023 01:21:26 pm,0.450,0.12,-0.01,1.02,10/06/2023 01:23:04 pm,0.450,0.12,-0.01,0.79,10/06/2023 01:24:00 pm,0.450,0.12,0.00,1.01,10/06/2023 01:24:36 pm,0.450,0.13,0.51,12.98,10/06/2023 01:26:00 pm,0.450,0.16,1.10,10.81,10/06/2023 01:26:02 pm,0.450,0.95,-0.04,-0.02,10/06/2023 01:27:01 pm,0.450,0.12,0.09,2.30,10/06/2023 01:28:04 pm,0.450,0.12,0.00,1.46,10/06/2023 01:29:01 pm,0.450,0.12,0.01,-0.03,10/06/2023 01:29:37 pm,0.450,0.12,0.00,0.04,10/06/2023 01:29:54 pm,0.450,0.12,0.01,-0.02
10/06/2023 01:06:42 pm,0.950,0.37,0.69,0.67,10/06/2023 01:11:30 pm,0.950,0.20,0.49,0.69,10/06/2023 01:12:03 pm,0.950,0.22,0.51,0.64,10/06/2023 01:14:49 pm,0.950,0.24,0.81,1.64,10/06/2023 01:15:26 pm,0.950,0.51,1.21,1.62,10/06/2023 01:16:35 pm,0.950,0.47,1.16,1.57,10/06/2023 01:16:48 pm,0.950,0.46,1.14,1.70,10/06/2023 01:18:55 pm,0.475,0.12,0.05,0.30,10/06/2023 01:20:00 pm,0.475,0.13,-0.07,0.18,10/06/2023 01:20:08 pm,0.475,0.14,0.66,9.75,10/06/2023 01:21:26 pm,0.475,0.12,0.01,0.94,10/06/2023 01:23:04 pm,0.475,0.12,0.04,0.37,10/06/2023 01:24:00 pm,0.475,0.12,0.00,2.71,10/06/2023 01:24:36 pm,0.475,0.15,0.97,11.43,10/06/2023 01:26:00 pm,0.475,0.19,1.31,4.75,10/06/2023 01:26:02 pm,0.475,0.95,-0.04,0.03,10/06/2023 01:27:01 pm,0.475,0.12,0.17,5.18,10/06/2023 01:28:04 pm,0.475,0.12,0.01,1.24,10/06/2023 01:29:01 pm,0.475,0.12,0.00,1.69,10/06/2023 01:29:37 pm,0.475,0.12,-1.63E-5,0.05,10/06/2023 01:29:54 pm,0.475,0.12,-9.80E-5,0.07
10/06/2023 01:06:43 pm,1.000,0.41,0.72,0.67,10/06/2023 01:11:31 pm,1.000,0.23,0.52,0.65,10/06/2023 01:12:04 pm,1.000,0.25,0.54,0.64,10/06/2023 01:14:50 pm,1.000,0.28,0.89,1.49,10/06/2023 01:15:27 pm,1.000,0.57,1.29,1.48,10/06/2023 01:16:36 pm,1.000,0.53,1.24,0.78,10/06/2023 01:16:49 pm,1.000,0.52,1.23,1.63,10/06/2023 01:18:55 pm,0.500,0.12,0.05,-1.07,10/06/2023 01:20:00 pm,0.500,0.13,-0.05,0.73,10/06/2023 01:20:08 pm,0.500,0.16,0.90,7.14,10/06/2023 01:21:26 pm,0.500,0.12,0.01,2.67,10/06/2023 01:23:04 pm,0.500,0.12,0.04,-0.60,10/06/2023 01:24:00 pm,0.500,0.12,0.08,6.39,10/06/2023 01:24:36 pm,0.500,0.17,1.21,5.80,10/06/2023 01:26:00 pm,0.500,0.24,1.28,-0.18,10/06/2023 01:26:02 pm,0.500,0.95,-0.03,0.01,10/06/2023 01:27:01 pm,0.500,0.14,0.16,12.61,10/06/2023 01:28:04 pm,0.500,0.12,-0.01,2.55,10/06/2023 01:29:01 pm,0.500,0.12,0.03,5.70,10/06/2023 01:29:37 pm,0.500,0.12,0.00,0.04,10/06/2023 01:29:54 pm,0.500,0.12,0.01,0.20
10/06/2023 01:06:43 pm,1.050,0.45,0.76,0.67,10/06/2023 01:11:31 pm,1.050,0.26,0.55,0.64,10/06/2023 01:12:04 pm,1.050,0.27,0.57,0.64,10/06/2023 01:14:50 pm,1.050,0.33,0.96,1.48,10/06/2023 01:15:27 pm,1.050,0.64,1.36,0.79,10/06/2023 01:16:36 pm,1.050,0.59,1.28,-0.94,10/06/2023 01:16:49 pm,1.050,0.58,1.30,1.45,10/06/2023 01:18:55 pm,0.525,0.14,-0.02,-1.95,10/06/2023 01:20:00 pm,0.525,0.12,-0.03,0.80,10/06/2023 01:20:08 pm,0.525,0.18,1.02,4.06,10/06/2023 01:21:26 pm,0.525,0.12,0.10,5.92,10/06/2023 01:23:04 pm,0.525,0.13,-0.01,-1.04,10/06/2023 01:24:00 pm,0.525,0.12,0.31,10.41,10/06/2023 01:24:36 pm,0.525,0.22,1.21,0.75,10/06/2023 01:26:00 pm,0.525,0.25,1.18,9.58E-4,10/06/2023 01:26:02 pm,0.525,0.95,-0.04,-0.05,10/06/2023 01:27:01 pm,0.525,0.13,0.70,20.07,10/06/2023 01:28:04 pm,0.525,0.12,0.09,6.66,10/06/2023 01:29:01 pm,0.525,0.12,0.25,10.35,10/06/2023 01:29:37 pm,0.525,0.12,0.00,0.03,10/06/2023 01:29:54 pm,0.525,0.12,0.02,0.10
10/06/2023 01:06:43 pm,1.100,0.48,0.79,0.66,10/06/2023 01:11:31 pm,1.100,0.29,0.58,0.64,10/06/2023 01:12:04 pm,1.100,0.30,0.60,0.64,10/06/2023 01:14:50 pm,1.100,0.38,1.03,1.47,10/06/2023 01:15:27 pm,1.100,0.71,1.41,-1.09,10/06/2023 01:16:36 pm,1.100,0.66,1.18,-3.14,10/06/2023 01:16:49 pm,1.100,0.65,1.37,1.22,10/06/2023 01:18:55 pm,0.550,0.12,-0.10,-0.76,10/06/2023 01:20:00 pm,0.550,0.12,-0.01,0.55,10/06/2023 01:20:08 pm,0.550,0.21,1.07,2.20,10/06/2023 01:21:26 pm,0.550,0.12,0.31,9.01,10/06/2023 01:23:04 pm,0.550,0.12,-0.04,-0.02,10/06/2023 01:24:00 pm,0.550,0.13,0.64,11.79,10/06/2023 01:24:36 pm,0.550,0.24,1.14,0.52,10/06/2023 01:26:00 pm,0.550,0.28,1.20,2.65,10/06/2023 01:26:02 pm,0.550,0.95,-0.04,-0.03,10/06/2023 01:27:01 pm,0.550,0.14,1.45,18.43,10/06/2023 01:28:04 pm,0.550,0.12,0.29,11.14,10/06/2023 01:29:01 pm,0.550,0.13,0.62,12.34,10/06/2023 01:29:37 pm,0.550,0.12,0.00,0.03,10/06/2023 01:29:54 pm,0.550,0.12,0.02,-0.14
10/06/2023 01:06:43 pm,1.150,0.53,0.82,0.67,10/06/2023 01:11:31 pm,1.150,0.32,0.62,0.63,10/06/2023 01:12:04 pm,1.150,0.33,0.63,0.64,10/06/2023 01:14:50 pm,1.150,0.43,1.11,1.49,10/06/2023 01:15:27 pm,1.150,0.78,1.32,-3.99,10/06/2023 01:16:36 pm,1.150,0.72,0.94,-4.73,10/06/2023 01:16:49 pm,1.150,0.72,1.43,0.62,10/06/2023 01:18:55 pm,0.575,0.12,-0.09,0.83,10/06/2023 01:20:00 pm,0.575,0.12,0.00,0.21,10/06/2023 01:20:08 pm,0.575,0.24,1.11,1.74,10/06/2023 01:21:26 pm,0.575,0.14,0.60,9.59,10/06/2023 01:23:04 pm,0.575,0.12,-0.03,2.34,10/06/2023 01:24:00 pm,0.575,0.16,1.00,9.29,10/06/2023 01:24:36 pm,0.575,0.27,1.16,2.84,10/06/2023 01:26:00 pm,0.575,0.32,1.39,4.40,10/06/2023 01:26:02 pm,0.575,0.94,-0.04,0.03,10/06/2023 01:27:01 pm,0.575,0.23,1.89,6.96,10/06/2023 01:28:04 pm,0.575,0.14,0.70,10.11,10/06/2023 01:29:01 pm,0.575,0.16,0.97,10.33,10/06/2023 01:29:37 pm,0.575,0.12,0.00,0.11,10/06/2023 01:29:54 pm,0.575,0.12,0.00,-0.23
10/06/2023 01:06:43 pm,1.200,0.57,0.85,0.67,10/06/2023 01:11:31 pm,1.200,0.35,0.65,0.64,10/06/2023 01:12:04 pm,1.200,0.37,0.66,0.63,10/06/2023 01:14:50 pm,1.200,0.49,1.18,1.50,10/06/2023 01:15:27 pm,1.200,0.85,1.00,-6.45,10/06/2023 01:16:36 pm,1.200,0.76,0.64,-4.90,10/06/2023 01:16:49 pm,1.200,0.80,1.47,5.11,10/06/2023 01:18:55 pm,0.600,0.12,0.00,2.08,10/06/2023 01:20:00 pm,0.600,0.12,0.00,0.20,10/06/2023 01:20:08 pm,0.600,0.27,1.15,1.93,10/06/2023 01:21:26 pm,0.600,0.16,0.86,7.50,10/06/2023 01:23:04 pm,0.600,0.12,0.06,5.78,10/06/2023 01:24:00 pm,0.600,0.19,1.16,4.87,10/06/2023 01:24:36 pm,0.600,0.30,1.34,4.36,10/06/2023 01:26:00 pm,0.600,0.35,1.47,4.44,10/06/2023 01:26:02 pm,0.600,0.94,-0.04,0.04,10/06/2023 01:27:01 pm,0.600,0.26,1.74,-2.09,10/06/2023 01:28:04 pm,0.600,0.15,1.05,1.90,10/06/2023 01:29:01 pm,0.600,0.18,1.17,6.79,10/06/2023 01:29:37 pm,0.600,0.12,0.00,0.18,10/06/2023 01:29:54 pm,0.600,0.12,-4.79E-5,0.65
10/06/2023 01:06:43 pm,1.250,0.61,0.89,0.67,10/06/2023 01:11:31 pm,1.250,0.38,0.68,0.65,10/06/2023 01:12:04 pm,1.250,0.40,0.70,0.63,10/06/2023 01:14:50 pm,1.250,0.55,1.26,1.50,10/06/2023 01:15:27 pm,1.250,0.89,0.57,-6.82,10/06/2023 01:16:36 pm,1.250,0.78,0.40,-3.96,10/06/2023 01:16:49 pm,1.250,0.87,1.40,15.20,10/06/2023 01:18:55 pm,0.625,0.12,5.28E-4,3.91,10/06/2023 01:20:00 pm,0.625,0.12,0.00,0.90,10/06/2023 01:20:08 pm,0.625,0.30,1.20,2.08,10/06/2023 01:21:26 pm,0.625,0.18,0.99,4.67,10/06/2023 01:23:04 pm,0.625,0.12,0.24,9.58,10/06/2023 01:24:00 pm,0.625,0.22,1.18,1.91,10/06/2023 01:24:36 pm,0.625,0.33,1.43,4.26,10/06/2023 01:26:00 pm,0.625,0.39,1.57,4.00,10/06/2023 01:26:02 pm,0.625,0.94,-0.04,0.03,10/06/2023 01:27:01 pm,0.625,0.29,1.46,-2.62,10/06/2023 01:28:04 pm,0.625,0.20,0.85,-10.65,10/06/2023 01:29:01 pm,0.625,0.21,1.25,4.52,10/06/2023 01:29:37 pm,0.625,0.12,0.02,0.16,10/06/2023 01:29:54 pm,0.625,0.12,0.00,3.49
10/06/2023 01:06:43 pm,1.300,0.66,0.92,0.67,10/06/2023 01:11:31 pm,1.300,0.41,0.71,0.65,10/06/2023 01:12:04 pm,1.300,0.44,0.73,0.64,10/06/2023 01:14:50 pm,1.300,0.62,1.33,1.09,10/06/2023 01:15:27 pm,1.300,0.90,0.22,-5.13,10/06/2023 01:16:36 pm,1.300,0.79,0.25,-2.83,10/06/2023 01:16:49 pm,1.300,0.94,2.94,12.66,10/06/2023 01:18:55 pm,0.650,0.12,0.12,7.09,10/06/2023 01:20:00 pm,0.650,0.12,0.03,2.34,10/06/2023 01:20:08 pm,0.650,0.33,1.26,2.03,10/06/2023 01:21:26 pm,0.650,0.21,1.05,2.86,10/06/2023 01:23:04 pm,0.650,0.13,0.55,11.69,10/06/2023 01:24:00 pm,0.650,0.24,1.19,2.07,10/06/2023 01:24:36 pm,0.650,0.37,1.52,3.88,10/06/2023 01:26:00 pm,0.650,0.43,1.68,4.04,10/06/2023 01:26:02 pm,0.650,0.94,-0.04,0.08,10/06/2023 01:27:01 pm,0.650,0.33,1.57,1.55,10/06/2023 01:28:04 pm,0.650,0.22,0.43,-19.18,10/06/2023 01:29:01 pm,0.650,0.25,1.35,3.99,10/06/2023 01:29:37 pm,0.650,0.12,0.02,-0.03,10/06/2023 01:29:54 pm,0.650,0.13,0.12,7.84
10/06/2023 01:06:43 pm,1.350,0.70,0.96,0.66,10/06/2023 01:11:31 pm,1.350,0.45,0.74,0.65,10/06/2023 01:12:04 pm,1.350,0.47,0.76,0.64,10/06/2023 01:14:50 pm,1.350,0.69,1.41,-0.50,10/06/2023 01:15:27 pm,1.350,0.90,0.05,-2.82,10/06/2023 01:16:36 pm,1.350,0.80,0.14,-2.06,10/06/2023 01:16:49 pm,1.350,0.99,4.52,-14.43,10/06/2023 01:18:55 pm,0.675,0.12,0.38,10.09,10/06/2023 01:20:00 pm,0.675,0.12,0.11,3.95,10/06/2023 01:20:08 pm,0.675,0.36,1.30,2.17,10/06/2023 01:21:26 pm,0.675,0.23,1.11,2.22,10/06/2023 01:23:04 pm,0.675,0.15,0.91,10.48,10/06/2023 01:24:00 pm,0.675,0.28,1.26,3.35,10/06/2023 01:24:36 pm,0.675,0.41,1.62,4.13,10/06/2023 01:26:00 pm,0.675,0.47,1.78,3.82,10/06/2023 01:26:02 pm,0.675,0.94,-0.03,0.12,10/06/2023 01:27:01 pm,0.675,0.38,1.66,4.22,10/06/2023 01:28:04 pm,0.675,0.20,-0.27,-16.57,10/06/2023 01:29:01 pm,0.675,0.28,1.46,4.11,10/06/2023 01:29:37 pm,0.675,0.12,0.01,-0.27,10/06/2023 01:29:54 pm,0.675,0.12,0.41,11.37
10/06/2023 01:06:43 pm,1.400,0.75,0.99,0.64,10/06/2023 01:11:31 pm,1.400,0.49,0.78,0.64,10/06/2023 01:12:04 pm,1.400,0.51,0.79,0.63,10/06/2023 01:14:50 pm,1.400,0.76,1.36,-3.28,10/06/2023 01:15:27 pm,1.400,0.90,-0.01,-1.14,10/06/2023 01:16:36 pm,1.400,0.81,0.05,-1.52,10/06/2023 01:16:49 pm,1.400,1.56,2.15,-46.35,10/06/2023 01:18:55 pm,0.700,0.14,0.69,9.83,10/06/2023 01:20:00 pm,0.700,0.13,0.24,5.59,10/06/2023 01:20:08 pm,0.700,0.39,1.35,2.73,10/06/2023 01:21:26 pm,0.700,0.26,1.16,2.02,10/06/2023 01:23:04 pm,0.700,0.18,1.14,6.65,10/06/2023 01:24:00 pm,0.700,0.31,1.40,3.75,10/06/2023 01:24:36 pm,0.700,0.45,1.73,4.00,10/06/2023 01:26:00 pm,0.700,0.52,1.87,3.63,10/06/2023 01:26:02 pm,0.700,0.94,-0.03,0.03,10/06/2023 01:27:01 pm,0.700,0.41,1.76,4.62,10/06/2023 01:28:04 pm,0.700,0.22,-0.70,-6.63,10/06/2023 01:29:01 pm,0.700,0.32,1.56,4.16,10/06/2023 01:29:37 pm,0.700,0.12,0.00,-0.33,10/06/2023 01:29:54 pm,0.700,0.14,0.77,11.49
10/06/2023 01:06:43 pm,1.450,0.80,1.02,0.56,10/06/2023 01:11:31 pm,1.450,0.53,0.81,0.64,10/06/2023 01:12:04 pm,1.450,0.55,0.82,0.63,10/06/2023 01:14:50 pm,1.450,0.83,1.08,-5.91,10/06/2023 01:15:27 pm,1.450,0.90,-0.04,-0.31,10/06/2023 01:16:36 pm,1.450,0.81,-0.02,-2.56,10/06/2023 01:16:49 pm,1.450,1.61,-2.14,-44.72,10/06/2023 01:18:55 pm,0.725,0.16,0.95,6.56,10/06/2023 01:20:00 pm,0.725,0.13,0.38,6.36,10/06/2023 01:20:08 pm,0.725,0.43,1.44,3.25,10/06/2023 01:21:26 pm,0.725,0.29,1.21,1.91,10/06/2023 01:23:04 pm,0.725,0.21,1.22,3.05,10/06/2023 01:24:00 pm,0.725,0.35,1.47,3.34,10/06/2023 01:24:36 pm,0.725,0.50,1.83,3.65,10/06/2023 01:26:00 pm,0.725,0.57,1.95,3.70,10/06/2023 01:26:02 pm,0.725,0.94,-0.03,-0.08,10/06/2023 01:27:01 pm,0.725,0.46,1.89,4.83,10/06/2023 01:28:04 pm,0.725,0.16,-0.50,4.83,10/06/2023 01:29:01 pm,0.725,0.36,1.66,4.23,10/06/2023 01:29:37 pm,0.725,0.12,-0.01,-0.18,10/06/2023 01:29:54 pm,0.725,0.17,1.06,8.79
10/06/2023 01:06:43 pm,1.500,0.85,1.05,0.42,10/06/2023 01:11:31 pm,1.500,0.57,0.84,0.63,10/06/2023 01:12:04 pm,1.500,0.59,0.85,0.62,10/06/2023 01:14:50 pm,1.500,0.88,0.67,-6.58,10/06/2023 01:15:27 pm,1.500,0.90,-0.03,0.07,10/06/2023 01:16:36 pm,1.500,0.80,-0.05,-3.72,10/06/2023 01:16:49 pm,1.500,0.97,-4.31,-9.32,10/06/2023 01:18:55 pm,0.750,0.19,1.03,2.61,10/06/2023 01:20:00 pm,0.750,0.15,0.59,6.73,10/06/2023 01:20:08 pm,0.750,0.46,1.53,3.21,10/06/2023 01:21:26 pm,0.750,0.32,1.26,1.87,10/06/2023 01:23:04 pm,0.750,0.24,1.23,2.02,10/06/2023 01:24:00 pm,0.750,0.38,1.54,3.11,10/06/2023 01:24:36 pm,0.750,0.54,1.91,3.42,10/06/2023 01:26:00 pm,0.750,0.62,2.05,3.69,10/06/2023 01:26:02 pm,0.750,0.94,-0.04,-0.04,10/06/2023 01:27:01 pm,0.750,0.51,2.03,4.65,10/06/2023 01:28:04 pm,0.750,0.15,-0.33,7.88,10/06/2023 01:29:01 pm,0.750,0.40,1.77,4.28,10/06/2023 01:29:37 pm,0.750,0.12,-0.01,0.15,10/06/2023 01:29:54 pm,0.750,0.20,1.19,5.89
10/06/2023 01:06:43 pm,1.550,0.91,1.06,,10/06/2023 01:11:31 pm,1.550,0.61,0.87,0.63,10/06/2023 01:12:04 pm,1.550,0.64,0.89,0.62,10/06/2023 01:14:50 pm,1.550,0.89,0.32,-5.17,10/06/2023 01:15:27 pm,1.550,0.90,-0.02,0.28,10/06/2023 01:16:36 pm,1.550,0.80,-0.53,-1.91,10/06/2023 01:16:49 pm,1.550,0.94,-2.44,22.74,10/06/2023 01:18:55 pm,0.775,0.22,1.02,0.56,10/06/2023 01:20:00 pm,0.775,0.16,0.71,5.74,10/06/2023 01:20:08 pm,0.775,0.50,1.61,2.85,10/06/2023 01:21:26 pm,0.775,0.36,1.30,2.02,10/06/2023 01:23:04 pm,0.775,0.27,1.28,2.60,10/06/2023 01:24:00 pm,0.775,0.42,1.62,3.11,10/06/2023 01:24:36 pm,0.775,0.59,1.99,3.45,10/06/2023 01:26:00 pm,0.775,0.67,2.15,3.09,10/06/2023 01:26:02 pm,0.775,0.94,-0.04,0.12,10/06/2023 01:27:01 pm,0.775,0.56,2.12,4.40,10/06/2023 01:28:04 pm,0.775,0.19,0.09,3.11,10/06/2023 01:29:01 pm,0.775,0.45,1.88,4.27,10/06/2023 01:29:37 pm,0.775,0.12,0.00,0.37,10/06/2023 01:29:54 pm,0.775,0.23,1.30,4.43
10/06/2023 01:06:43 pm,1.600,0.96,1.07,,10/06/2023 01:11:31 pm,1.600,0.66,0.90,0.63,10/06/2023 01:12:04 pm,1.600,0.68,0.92,0.62,10/06/2023 01:14:50 pm,1.600,0.90,0.15,-3.11,10/06/2023 01:15:27 pm,1.600,0.90,0.00,0.39,10/06/2023 01:16:36 pm,1.600,0.80,-0.55,3.02,10/06/2023 01:16:49 pm,1.600,0.94,-0.34,27.98,10/06/2023 01:18:55 pm,0.800,0.24,1.00,1.22,10/06/2023 01:20:00 pm,0.800,0.19,0.92,1.80,10/06/2023 01:20:08 pm,0.800,0.54,1.67,2.69,10/06/2023 01:21:26 pm,0.800,0.39,1.35,2.42,10/06/2023 01:23:04 pm,0.800,0.31,1.39,3.12,10/06/2023 01:24:00 pm,0.800,0.46,1.71,2.35,10/06/2023 01:24:36 pm,0.800,0.64,2.09,3.35,10/06/2023 01:26:00 pm,0.800,0.73,2.22,1.76,10/06/2023 01:26:02 pm,0.800,0.94,-0.03,0.16,10/06/2023 01:27:01 pm,0.800,0.62,2.23,7.72,10/06/2023 01:28:04 pm,0.800,0.14,-0.11,-0.29,10/06/2023 01:29:01 pm,0.800,0.50,1.99,4.19,10/06/2023 01:29:37 pm,0.800,0.12,0.02,1.06,10/06/2023 01:29:54 pm,0.800,0.26,1.41,4.15
10/06/2023 01:06:43 pm,1.650,1.01,,,10/06/2023 01:11:31 pm,1.650,0.70,0.94,0.62,10/06/2023 01:12:04 pm,1.650,0.73,0.95,0.46,10/06/2023 01:14:50 pm,1.650,0.91,0.06,-1.66,10/06/2023 01:15:27 pm,1.650,0.90,0.02,0.38,10/06/2023 01:16:36 pm,1.650,0.65,-0.09,6.52,10/06/2023 01:16:49 pm,1.650,0.91,0.72,12.75,10/06/2023 01:18:55 pm,0.825,0.26,1.06,2.64,10/06/2023 01:20:00 pm,0.825,0.20,0.91,-3.89,10/06/2023 01:20:08 pm,0.825,0.59,1.73,2.75,10/06/2023 01:21:26 pm,0.825,0.42,1.42,2.94,10/06/2023 01:23:04 pm,0.825,0.34,1.46,3.15,10/06/2023 01:24:00 pm,0.825,0.51,1.76,1.00,10/06/2023 01:24:36 pm,0.825,0.70,2.17,2.79,10/06/2023 01:26:00 pm,0.825,0.78,2.24,-1.61,10/06/2023 01:26:02 pm,0.825,0.94,-0.02,-0.01,10/06/2023 01:27:01 pm,0.825,0.67,2.35,-22.30,10/06/2023 01:28:04 pm,0.825,0.18,-0.26,0.08,10/06/2023 01:29:01 pm,0.825,0.55,2.09,4.09,10/06/2023 01:29:37 pm,0.825,0.12,0.02,3.01,10/06/2023 01:29:54 pm,0.825,0.30,1.51,4.13
,,,,,10/06/2023 01:11:31 pm,1.700,0.75,0.97,0.61,10/06/2023 01:12:04 pm,1.700,0.78,0.98,-0.30,10/06/2023 01:14:50 pm,1.700,0.91,4.79E-4,-0.93,10/06/2023 01:15:27 pm,1.700,0.90,0.04,0.24,10/06/2023 01:16:36 pm,1.700,0.79,0.41,3.66,10/06/2023 01:16:49 pm,1.700,0.89,0.92,-0.91,10/06/2023 01:18:55 pm,0.850,0.29,1.18,3.19,10/06/2023 01:20:00 pm,0.850,0.25,0.66,-8.00,10/06/2023 01:20:08 pm,0.850,0.63,1.81,2.64,10/06/2023 01:21:26 pm,0.850,0.46,1.50,3.17,10/06/2023 01:23:04 pm,0.850,0.38,1.52,3.38,10/06/2023 01:24:00 pm,0.850,0.55,1.75,-0.03,10/06/2023 01:24:36 pm,0.850,0.75,2.23,1.93,10/06/2023 01:26:00 pm,0.850,0.84,2.22,-8.74,10/06/2023 01:26:02 pm,0.850,0.94,-0.03,-0.13,10/06/2023 01:27:01 pm,0.850,0.73,2.96,-97.07,10/06/2023 01:28:04 pm,0.850,0.14,-0.03,3.16,10/06/2023 01:29:01 pm,0.850,0.60,2.19,3.98,10/06/2023 01:29:37 pm,0.850,0.12,0.13,5.74,10/06/2023 01:29:54 pm,0.850,0.34,1.61,4.18
,,,,,10/06/2023 01:11:31 pm,1.750,0.80,1.00,0.58,10/06/2023 01:12:04 pm,1.750,0.83,0.96,-1.76,10/06/2023 01:14:50 pm,1.750,0.90,-0.03,-0.44,10/06/2023 01:15:27 pm,1.750,0.90,0.05,,10/06/2023 01:16:36 pm,1.750,0.79,0.46,-1.13,10/06/2023 01:16:49 pm,1.750,1.20,0.11,-2.92,10/06/2023 01:18:55 pm,0.875,0.32,1.25,2.65,10/06/2023 01:20:00 pm,0.875,0.24,0.39,-6.25,10/06/2023 01:20:08 pm,0.875,0.68,1.88,2.07,10/06/2023 01:21:26 pm,0.875,0.50,1.59,3.00,10/06/2023 01:23:04 pm,0.875,0.42,1.62,4.08,10/06/2023 01:24:00 pm,0.875,0.60,1.74,-0.28,10/06/2023 01:24:36 pm,0.875,0.81,2.27,0.96,10/06/2023 01:26:00 pm,0.875,0.89,1.91,-17.99,10/06/2023 01:26:02 pm,0.875,0.93,-0.04,-0.04,10/06/2023 01:27:01 pm,0.875,0.80,-1.95,-152.72,10/06/2023 01:28:04 pm,0.875,0.15,0.02,1.99,10/06/2023 01:29:01 pm,0.875,0.66,2.29,4.07,10/06/2023 01:29:37 pm,0.875,0.12,0.34,7.08,10/06/2023 01:29:54 pm,0.875,0.38,1.72,4.27
,,,,,10/06/2023 01:11:31 pm,1.800,0.85,1.02,-0.30,10/06/2023 01:12:04 pm,1.800,0.88,0.81,-3.29,10/06/2023 01:14:50 pm,1.800,0.90,-0.04,-0.03,10/06/2023 01:15:27 pm,1.800,0.90,0.04,,10/06/2023 01:16:36 pm,1.800,0.79,0.00,-3.02,10/06/2023 01:16:49 pm,1.800,0.92,-0.01,4.89,10/06/2023 01:18:55 pm,0.900,0.35,1.29,2.12,10/06/2023 01:20:00 pm,0.900,0.25,0.25,-1.66,10/06/2023 01:20:08 pm,0.900,0.72,1.92,-0.61,10/06/2023 01:21:26 pm,0.900,0.54,1.66,2.71,10/06/2023 01:23:04 pm,0.900,0.46,1.74,4.33,10/06/2023 01:24:00 pm,0.900,0.64,1.74,-0.13,10/06/2023 01:24:36 pm,0.900,0.86,2.28,-3.00,10/06/2023 01:26:00 pm,0.900,0.95,1.24,-23.25,10/06/2023 01:26:02 pm,0.900,0.93,-0.03,0.14,10/06/2023 01:27:01 pm,0.900,0.94,-8.03,-107.60,10/06/2023 01:28:04 pm,0.900,0.17,0.09,-1.70,10/06/2023 01:29:01 pm,0.900,0.72,2.38,0.45,10/06/2023 01:29:37 pm,0.900,0.14,0.56,5.45,10/06/2023 01:29:54 pm,0.900,0.42,1.82,4.34
,,,,,10/06/2023 01:11:31 pm,1.850,0.90,1.05,-2.90,10/06/2023 01:12:04 pm,1.850,0.92,0.58,-3.96,10/06/2023 01:14:50 pm,1.850,0.90,-0.03,0.26,10/06/2023 01:15:27 pm,1.850,0.91,,,10/06/2023 01:16:36 pm,1.850,0.79,-0.01,-1.67,10/06/2023 01:16:49 pm,1.850,0.91,0.77,8.37,10/06/2023 01:18:55 pm,0.925,0.39,1.34,2.34,10/06/2023 01:20:00 pm,0.925,0.26,0.39,0.99,10/06/2023 01:20:08 pm,0.925,0.77,1.94,-6.70,10/06/2023 01:21:26 pm,0.925,0.58,1.72,2.69,10/06/2023 01:23:04 pm,0.925,0.50,1.85,3.93,10/06/2023 01:24:00 pm,0.925,0.68,1.74,-0.13,10/06/2023 01:24:36 pm,0.925,0.92,2.27,-14.57,10/06/2023 01:26:00 pm,0.925,0.96,0.52,-19.74,10/06/2023 01:26:02 pm,0.925,0.93,-0.02,0.17,10/06/2023 01:27:01 pm,0.925,0.18,-9.57,27.12,10/06/2023 01:28:04 pm,0.925,0.15,-0.08,-3.71,10/06/2023 01:29:01 pm,0.925,0.78,2.51,-10.97,10/06/2023 01:29:37 pm,0.925,0.16,0.65,2.46,10/06/2023 01:29:54 pm,0.925,0.47,1.94,4.31
,,,,,10/06/2023 01:11:31 pm,1.900,0.96,0.82,-6.62,10/06/2023 01:12:04 pm,1.900,0.93,0.37,-3.59,10/06/2023 01:14:50 pm,1.900,0.90,-0.01,0.40,,,,,,10/06/2023 01:16:36 pm,1.900,0.79,-0.02,0.00,10/06/2023 01:16:49 pm,1.900,1.18,1.73,0.41,10/06/2023 01:18:55 pm,0.950,0.42,1.40,2.96,10/06/2023 01:20:00 pm,0.950,0.27,0.41,0.38,10/06/2023 01:20:08 pm,0.950,0.82,1.66,-14.25,10/06/2023 01:21:26 pm,0.950,0.62,1.78,2.79,10/06/2023 01:23:04 pm,0.950,0.55,1.93,3.38,10/06/2023 01:24:00 pm,0.950,0.73,1.73,-0.28,10/06/2023 01:24:36 pm,0.950,0.98,1.78,-35.21,10/06/2023 01:26:00 pm,0.950,0.96,0.12,-11.06,10/06/2023 01:26:02 pm,0.950,0.93,-0.02,0.02,10/06/2023 01:27:01 pm,0.950,0.15,-5.56,113.79,10/06/2023 01:28:04 pm,0.950,0.15,-0.19,-4.41,10/06/2023 01:29:01 pm,0.950,0.84,2.04,,10/06/2023 01:29:37 pm,0.950,0.17,0.63,0.53,10/06/2023 01:29:54 pm,0.950,0.52,2.04,4.19
,,,,,10/06/2023 01:11:31 pm,1.950,1.01,0.33,-9.05,10/06/2023 01:12:04 pm,1.950,0.95,0.22,,10/06/2023 01:14:50 pm,1.950,0.90,0.01,0.41,,,,,,10/06/2023 01:16:36 pm,1.950,0.78,-0.02,0.26,10/06/2023 01:16:49 pm,1.950,1.18,0.89,-8.33,10/06/2023 01:18:55 pm,0.975,0.46,1.49,3.42,10/06/2023 01:20:00 pm,0.975,0.27,0.37,-1.24,10/06/2023 01:20:08 pm,0.975,0.87,1.13,-18.27,10/06/2023 01:21:26 pm,0.975,0.67,1.87,2.65,10/06/2023 01:23:04 pm,0.975,0.60,2.01,3.11,10/06/2023 01:24:00 pm,0.975,0.77,1.72,-0.30,10/06/2023 01:24:36 pm,0.975,1.03,0.58,,10/06/2023 01:26:00 pm,0.975,0.96,0.07,-4.14,10/06/2023 01:26:02 pm,0.975,0.93,-0.02,-0.08,10/06/2023 01:27:01 pm,0.975,0.15,-0.35,139.46,10/06/2023 01:28:04 pm,0.975,0.16,-0.27,-2.94,10/06/2023 01:29:01 pm,0.975,0.91,0.99,,10/06/2023 01:29:37 pm,0.975,0.19,0.63,0.43,10/06/2023 01:29:54 pm,0.975,0.57,2.15,
,,,,,10/06/2023 01:11:32 pm,2.000,0.99,-0.24,-8.17,10/06/2023 01:12:05 pm,2.000,0.96,0.10,,10/06/2023 01:14:51 pm,2.000,0.90,0.03,0.34,,,,,,10/06/2023 01:16:37 pm,2.000,0.78,0.01,,10/06/2023 01:16:50 pm,2.000,1.18,0.00,-8.71,10/06/2023 01:18:56 pm,1.000,0.50,1.59,3.37,10/06/2023 01:20:01 pm,1.000,0.29,0.32,-1.16,10/06/2023 01:20:09 pm,1.000,0.88,0.59,-15.83,10/06/2023 01:21:27 pm,1.000,0.72,1.93,1.62,10/06/2023 01:23:05 pm,1.000,0.65,2.09,3.01,10/06/2023 01:24:01 pm,1.000,0.81,1.71,-0.95,10/06/2023 01:24:37 pm,1.000,1.02,-1.31,,10/06/2023 01:26:01 pm,1.000,0.96,0.04,-1.63,10/06/2023 01:26:03 pm,1.000,0.93,-0.03,-0.01,10/06/2023 01:27:02 pm,1.000,0.13,-0.18,123.27,10/06/2023 01:28:05 pm,1.000,0.13,-0.39,0.25,10/06/2023 01:29:02 pm,1.000,0.89,,,10/06/2023 01:29:38 pm,1.000,0.21,0.66,1.19,10/06/2023 01:29:55 pm,1.000,0.63,2.24,
,,,,,10/06/2023 01:11:32 pm,2.050,0.97,-0.60,-5.02,10/06/2023 01:12:05 pm,2.050,0.96,,,10/06/2023 01:14:51 pm,2.050,0.90,0.05,0.25,,,,,,10/06/2023 01:16:37 pm,2.050,0.79,0.04,,10/06/2023 01:16:50 pm,2.050,1.18,0.00,-2.95,10/06/2023 01:18:56 pm,1.025,0.54,1.67,2.91,10/06/2023 01:20:01 pm,1.025,0.29,0.29,1.54,10/06/2023 01:20:09 pm,1.025,0.89,0.27,-10.20,10/06/2023 01:21:27 pm,1.025,0.77,1.97,-1.93,10/06/2023 01:23:05 pm,1.025,0.70,2.17,1.73,10/06/2023 01:24:01 pm,1.025,0.86,1.71,7.39,10/06/2023 01:24:37 pm,1.025,0.97,,,10/06/2023 01:26:01 pm,1.025,0.96,-0.01,-1.29,10/06/2023 01:26:03 pm,1.025,0.93,-0.03,,10/06/2023 01:27:02 pm,1.025,0.14,5.97,52.82,10/06/2023 01:28:05 pm,1.025,0.13,-0.32,3.47,,,,,,10/06/2023 01:29:38 pm,1.025,0.22,0.69,1.95,10/06/2023 01:29:55 pm,1.025,0.68,,
,,,,,10/06/2023 01:11:32 pm,2.100,0.93,-0.70,-1.78,,,,,,10/06/2023 01:14:51 pm,2.100,0.91,0.06,0.13,,,,,,10/06/2023 01:16:37 pm,2.100,0.79,,,10/06/2023 01:16:50 pm,2.100,1.18,5.73E-4,-0.01,10/06/2023 01:18:56 pm,1.050,0.58,1.73,2.40,10/06/2023 01:20:01 pm,1.050,0.30,0.32,3.70,10/06/2023 01:20:09 pm,1.050,0.89,0.15,-5.68,10/06/2023 01:21:27 pm,1.050,0.82,1.92,-9.43,10/06/2023 01:23:05 pm,1.050,0.76,2.23,-3.13,10/06/2023 01:24:01 pm,1.050,0.90,1.60,14.30,,,,,,10/06/2023 01:26:01 pm,1.050,0.96,-0.04,-0.73,10/06/2023 01:26:03 pm,1.050,0.93,-0.02,,10/06/2023 01:27:02 pm,1.050,0.13,6.61,-70.41,10/06/2023 01:28:05 pm,1.050,0.13,-0.10,4.35,,,,,,10/06/2023 01:29:38 pm,1.050,0.24,0.75,2.70,,,,,
,,,,,10/06/2023 01:11:32 pm,2.150,0.89,-0.72,0.08,,,,,,10/06/2023 01:14:51 pm,2.150,0.91,0.06,-0.01,,,,,,,,,,,10/06/2023 01:16:50 pm,2.150,1.18,6.13E-4,-0.01,10/06/2023 01:18:56 pm,1.075,0.62,1.78,2.22,10/06/2023 01:20:01 pm,1.075,0.31,0.60,0.80,10/06/2023 01:20:09 pm,1.075,0.90,0.04,-3.62,10/06/2023 01:21:27 pm,1.075,0.87,1.58,-19.02,10/06/2023 01:23:05 pm,1.075,0.82,2.13,-11.78,10/06/2023 01:24:01 pm,1.075,0.94,2.94,-0.91,,,,,,10/06/2023 01:26:01 pm,1.075,0.96,-0.04,-0.09,10/06/2023 01:26:03 pm,1.075,0.93,,,10/06/2023 01:27:02 pm,1.075,1.05,0.78,-161.54,10/06/2023 01:28:05 pm,1.075,0.12,-0.04,2.61,,,,,,10/06/2023 01:29:38 pm,1.075,0.26,0.83,3.34,,,,,
,,,,,10/06/2023 01:11:32 pm,2.200,0.86,-0.66,0.77,,,,,,10/06/2023 01:14:51 pm,2.200,0.91,0.06,-0.14,,,,,,,,,,,10/06/2023 01:16:50 pm,2.200,1.18,3.93E-5,-0.01,10/06/2023 01:18:56 pm,1.100,0.67,1.83,2.18,10/06/2023 01:20:01 pm,1.100,0.32,0.56,-6.35,10/06/2023 01:20:09 pm,1.100,0.89,-0.04,-2.59,10/06/2023 01:21:27 pm,1.100,0.91,0.90,-24.42,10/06/2023 01:23:05 pm,1.100,0.87,1.66,-19.77,10/06/2023 01:24:01 pm,1.100,0.97,2.62,-36.68,,,,,,10/06/2023 01:26:01 pm,1.100,0.96,-0.04,0.23,,,,,,10/06/2023 01:27:02 pm,1.100,0.22,-5.55,-57.87,10/06/2023 01:28:05 pm,1.100,0.12,-0.02,0.86,,,,,,10/06/2023 01:29:38 pm,1.100,0.28,0.92,3.76,,,,,
,,,,,10/06/2023 01:11:32 pm,2.250,0.82,-0.62,0.86,,,,,,10/06/2023 01:14:51 pm,2.250,0.91,0.05,-0.20,,,,,,,,,,,10/06/2023 01:16:50 pm,2.250,1.18,-5.73E-4,0.00,10/06/2023 01:18:56 pm,1.125,0.72,1.90,1.25,10/06/2023 01:20:01 pm,1.125,0.36,0.17,-10.41,10/06/2023 01:20:09 pm,1.125,0.89,-0.09,-1.52,10/06/2023 01:21:27 pm,1.125,0.92,0.14,-20.85,10/06/2023 01:23:05 pm,1.125,0.91,0.97,-21.11,10/06/2023 01:24:01 pm,1.125,1.23,0.55,-60.46,,,,,,10/06/2023 01:26:01 pm,1.125,0.96,-0.03,0.32,,,,,,10/06/2023 01:27:02 pm,1.125,0.17,-6.10,149.61,10/06/2023 01:28:05 pm,1.125,0.12,-0.01,0.65,,,,,,10/06/2023 01:29:38 pm,1.125,0.31,1.02,3.99,,,,,
,,,,,10/06/2023 01:11:32 pm,2.300,0.80,-0.57,0.57,,,,,,10/06/2023 01:14:51 pm,2.300,0.92,0.03,-0.21,,,,,,,,,,,10/06/2023 01:16:50 pm,2.300,1.18,-6.13E-4,0.00,10/06/2023 01:18:56 pm,1.150,0.76,1.94,-1.22,10/06/2023 01:20:01 pm,1.150,0.33,-0.20,-4.26,10/06/2023 01:20:09 pm,1.150,0.89,-0.11,-0.58,10/06/2023 01:21:27 pm,1.150,0.90,-0.30,,10/06/2023 01:23:05 pm,1.150,0.92,0.42,-15.23,10/06/2023 01:24:01 pm,1.150,1.00,-1.51,-18.78,,,,,,10/06/2023 01:26:01 pm,1.150,0.96,-0.02,0.33,,,,,,10/06/2023 01:27:02 pm,1.150,0.17,4.81,266.93,10/06/2023 01:28:05 pm,1.150,0.12,0.01,0.89,,,,,,10/06/2023 01:29:38 pm,1.150,0.33,1.12,4.13,,,,,
,,,,,10/06/2023 01:11:32 pm,2.350,0.77,-0.55,0.23,,,,,,10/06/2023 01:14:51 pm,2.350,0.92,0.03,-0.21,,,,,,,,,,,10/06/2023 01:16:50 pm,2.350,1.18,0.00,0.00,10/06/2023 01:18:56 pm,1.175,0.81,1.86,-5.30,10/06/2023 01:20:01 pm,1.175,0.32,-0.20,5.08,10/06/2023 01:20:09 pm,1.175,0.89,-0.12,0.17,10/06/2023 01:21:27 pm,1.175,0.89,-0.34,,10/06/2023 01:23:05 pm,1.175,0.92,0.20,-7.76,10/06/2023 01:24:01 pm,1.175,0.98,-1.99,38.15,,,,,,10/06/2023 01:26:01 pm,1.175,0.96,-0.01,0.29,,,,,,10/06/2023 01:27:02 pm,1.175,0.18,12.86,182.18,10/06/2023 01:28:05 pm,1.175,0.12,0.04,0.95,,,,,,10/06/2023 01:29:38 pm,1.175,0.36,1.23,4.11,,,,,
,,,,,10/06/2023 01:11:32 pm,2.400,0.74,-0.56,0.06,,,,,,10/06/2023 01:14:51 pm,2.400,0.92,0.02,-0.25,,,,,,,,,,,10/06/2023 01:16:50 pm,2.400,1.18,0.00,0.00,10/06/2023 01:18:56 pm,1.200,0.86,1.69,-10.27,10/06/2023 01:20:01 pm,1.200,0.33,0.29,7.34,10/06/2023 01:20:09 pm,1.200,0.88,-0.10,0.60,10/06/2023 01:21:27 pm,1.200,0.89,,,10/06/2023 01:23:05 pm,1.200,0.93,0.15,-3.45,10/06/2023 01:24:01 pm,1.200,0.98,2.35,54.45,,,,,,10/06/2023 01:26:01 pm,1.200,0.96,0.00,0.16,,,,,,10/06/2023 01:27:02 pm,1.200,0.93,15.53,-29.16,10/06/2023 01:28:05 pm,1.200,0.12,0.07,1.26,,,,,,10/06/2023 01:29:38 pm,1.200,0.39,1.34,4.05,,,,,
,,,,,10/06/2023 01:11:32 pm,2.450,0.71,-0.56,0.17,,,,,,10/06/2023 01:14:51 pm,2.450,0.92,0.00,-0.29,,,,,,,,,,,10/06/2023 01:16:50 pm,2.450,1.18,-3.93E-5,0.00,10/06/2023 01:18:56 pm,1.225,0.90,1.36,-14.50,10/06/2023 01:20:01 pm,1.225,0.33,0.44,1.26,10/06/2023 01:20:09 pm,1.225,0.88,-0.08,0.72,,,,,,10/06/2023 01:23:05 pm,1.225,0.93,0.08,-2.27,10/06/2023 01:24:01 pm,1.225,0.95,2.41,27.06,,,,,,10/06/2023 01:26:01 pm,1.225,0.96,0.00,0.00,,,,,,10/06/2023 01:27:02 pm,1.225,1.34,10.51,-167.67,10/06/2023 01:28:05 pm,1.225,0.13,0.07,1.85,,,,,,10/06/2023 01:29:38 pm,1.225,0.43,1.43,4.19,,,,,
,,,,,10/06/2023 01:11:32 pm,2.500,0.68,-0.54,0.66,,,,,,10/06/2023 01:14:51 pm,2.500,0.92,-0.02,-0.27,,,,,,,,,,,10/06/2023 01:16:50 pm,2.500,1.18,5.73E-4,0.00,10/06/2023 01:18:56 pm,1.250,0.93,0.90,-15.75,10/06/2023 01:20:01 pm,1.250,0.36,0.26,-5.41,10/06/2023 01:20:09 pm,1.250,0.88,-0.06,0.64,,,,,,10/06/2023 01:23:05 pm,1.250,0.93,0.02,-1.82,10/06/2023 01:24:01 pm,1.250,1.39,2.25,-2.30,,,,,,10/06/2023 01:26:01 pm,1.250,0.96,-0.01,-0.12,,,,,,10/06/2023 01:27:02 pm,1.250,1.34,2.78,-184.14,10/06/2023 01:28:05 pm,1.250,0.13,0.16,1.80,,,,,,10/06/2023 01:29:38 pm,1.250,0.47,1.53,5.19,,,,,
,,,,,10/06/2023 01:11:32 pm,2.550,0.66,-0.51,1.47,,,,,,10/06/2023 01:14:51 pm,2.550,0.92,-0.03,,,,,,,,,,,,10/06/2023 01:16:50 pm,2.550,1.18,6.13E-4,0.00,10/06/2023 01:18:56 pm,1.275,0.94,0.47,-13.23,10/06/2023 01:20:01 pm,1.275,0.36,0.02,-5.66,10/06/2023 01:20:09 pm,1.275,0.88,-0.05,0.60,,,,,,10/06/2023 01:23:05 pm,1.275,0.93,-0.02,-1.09,10/06/2023 01:24:01 pm,1.275,0.94,2.16,3.93,,,,,,10/06/2023 01:26:01 pm,1.275,0.96,-0.01,-0.11,,,,,,10/06/2023 01:27:02 pm,1.275,1.35,0.45,-135.11,10/06/2023 01:28:05 pm,1.275,0.13,0.22,1.09,,,,,,10/06/2023 01:29:38 pm,1.275,0.50,1.66,-2.61,,,,,
,,,,,10/06/2023 01:11:32 pm,2.600,0.63,-0.40,1.51,,,,,,10/06/2023 01:14:51 pm,2.600,0.92,-0.03,,,,,,,,,,,,10/06/2023 01:16:50 pm,2.600,1.18,3.93E-5,-0.01,10/06/2023 01:18:56 pm,1.300,0.95,0.21,-10.46,10/06/2023 01:20:01 pm,1.300,0.35,-0.10,-2.27,10/06/2023 01:20:09 pm,1.300,0.88,-0.03,,,,,,,10/06/2023 01:23:05 pm,1.300,0.93,-0.03,-0.41,10/06/2023 01:24:01 pm,1.300,1.33,2.25,-21.30,,,,,,10/06/2023 01:26:01 pm,1.300,0.96,-0.01,-0.03,,,,,,10/06/2023 01:27:02 pm,1.300,1.34,-2.03,-90.22,10/06/2023 01:28:05 pm,1.300,0.15,0.19,1.37,,,,,,10/06/2023 01:29:38 pm,1.300,0.55,1.88,-24.07,,,,,
,,,,,10/06/2023 01:11:32 pm,2.650,0.61,-0.26,0.05,,,,,,10/06/2023 01:14:51 pm,2.650,0.91,,,,,,,,,,,,,10/06/2023 01:16:50 pm,2.650,1.18,-5.73E-4,0.00,10/06/2023 01:18:56 pm,1.325,0.95,0.06,-10.61,10/06/2023 01:20:01 pm,1.325,0.36,-0.05,0.69,10/06/2023 01:20:09 pm,1.325,0.88,-0.01,,,,,,,10/06/2023 01:23:05 pm,1.325,0.93,-0.03,0.05,10/06/2023 01:24:01 pm,1.325,1.33,3.00,-71.73,,,,,,10/06/2023 01:26:01 pm,1.325,0.96,-0.01,,,,,,,10/06/2023 01:27:02 pm,1.325,1.41,-4.94,-44.63,10/06/2023 01:28:05 pm,1.325,0.14,0.21,2.97,,,,,,10/06/2023 01:29:38 pm,1.325,0.59,0.69,-29.70,,,,,
,,,,,10/06/2023 01:11:32 pm,2.700,0.61,-0.34,-1.85,,,,,,,,,,,,,,,,,,,,,10/06/2023 01:16:50 pm,2.700,1.18,-6.13E-4,0.00,10/06/2023 01:18:56 pm,1.350,0.96,-0.26,-11.22,10/06/2023 01:20:01 pm,1.350,0.35,-0.01,1.98,10/06/2023 01:20:09 pm,1.350,0.88,,,,,,,,10/06/2023 01:23:05 pm,1.350,0.93,-0.03,0.31,10/06/2023 01:24:01 pm,1.350,1.34,-1.78,-83.41,,,,,,10/06/2023 01:26:01 pm,1.350,0.96,-0.01,,,,,,,10/06/2023 01:27:02 pm,1.350,0.98,-5.36,26.86,10/06/2023 01:28:05 pm,1.350,0.14,0.38,2.72,,,,,,10/06/2023 01:29:38 pm,1.350,0.66,-1.10,6.41,,,,,
,,,,,10/06/2023 01:11:32 pm,2.750,0.60,-0.55,-1.97,,,,,,,,,,,,,,,,,,,,,10/06/2023 01:16:50 pm,2.750,1.18,0.00,0.00,10/06/2023 01:18:56 pm,1.375,0.94,-0.65,-7.08,10/06/2023 01:20:01 pm,1.375,0.35,0.04,1.55,,,,,,,,,,,10/06/2023 01:23:05 pm,1.375,0.93,-0.01,0.36,10/06/2023 01:24:01 pm,1.375,1.39,-4.56,-13.09,,,,,,10/06/2023 01:26:01 pm,1.375,0.96,,,,,,,,10/06/2023 01:27:02 pm,1.375,0.97,-2.92,,10/06/2023 01:28:05 pm,1.375,0.17,0.48,-0.83,,,,,,10/06/2023 01:29:38 pm,1.375,0.50,0.19,60.34,,,,,
,,,,,10/06/2023 01:11:32 pm,2.800,0.54,-0.66,-0.07,,,,,,,,,,,,,,,,,,,,,10/06/2023 01:16:50 pm,2.800,1.18,0.00,0.00,10/06/2023 01:18:56 pm,1.400,0.92,-0.76,1.36,10/06/2023 01:20:01 pm,1.400,0.35,0.11,-0.11,,,,,,,,,,,10/06/2023 01:23:05 pm,1.400,0.93,0.00,0.25,10/06/2023 01:24:01 pm,1.400,1.01,-2.69,86.44,,,,,,,,,,,,,,,,10/06/2023 01:27:02 pm,1.400,0.97,-0.03,,10/06/2023 01:28:05 pm,1.400,0.18,0.33,-4.27,,,,,,10/06/2023 01:29:38 pm,1.400,0.48,3.34,66.96,,,,,
,,,,,10/06/2023 01:11:32 pm,2.850,0.52,-0.54,1.54,,,,,,,,,,,,,,,,,,,,,10/06/2023 01:16:50 pm,2.850,1.18,0.00,-1.31E-4,10/06/2023 01:18:56 pm,1.425,0.90,-0.50,7.79,10/06/2023 01:20:01 pm,1.425,0.36,0.06,-2.75,,,,,,,,,,,10/06/2023 01:23:05 pm,1.425,0.93,2.47E-4,0.07,10/06/2023 01:24:01 pm,1.425,0.97,1.95,95.18,,,,,,,,,,,,,,,,10/06/2023 01:27:02 pm,1.425,0.97,,,10/06/2023 01:28:05 pm,1.425,0.18,0.14,-4.63,,,,,,10/06/2023 01:29:38 pm,1.425,0.80,5.30,6.42,,,,,
,,,,,10/06/2023 01:11:32 pm,2.900,0.50,-0.39,1.63,,,,,,,,,,,,,,,,,,,,,10/06/2023 01:16:50 pm,2.900,1.18,0.00,0.00,10/06/2023 01:18:56 pm,1.450,0.89,-0.20,8.08,10/06/2023 01:20:01 pm,1.450,0.36,-0.05,-5.21,,,,,,,,,,,10/06/2023 01:23:05 pm,1.450,0.93,0.00,-0.06,10/06/2023 01:24:01 pm,1.450,1.34,4.67,18.81,,,,,,,,,,,,,,,,,,,,,10/06/2023 01:28:05 pm,1.450,0.18,0.08,33.64,,,,,,10/06/2023 01:29:38 pm,1.450,0.86,3.83,-54.96,,,,,
,,,,,10/06/2023 01:11:32 pm,2.950,0.48,-0.37,0.90,,,,,,,,,,,,,,,,,,,,,10/06/2023 01:16:50 pm,2.950,1.18,-3.93E-5,0.01,10/06/2023 01:18:56 pm,1.475,0.89,-0.03,4.58,10/06/2023 01:20:01 pm,1.475,0.35,-0.21,-5.82,,,,,,,,,,,10/06/2023 01:23:05 pm,1.475,0.93,-0.01,-0.08,10/06/2023 01:24:01 pm,1.475,1.35,2.35,,,,,,,,,,,,,,,,,,,,,,10/06/2023 01:28:05 pm,1.475,0.19,0.03,108.60,,,,,,10/06/2023 01:29:38 pm,1.475,0.92,0.66,-63.54,,,,,
,,,,,10/06/2023 01:11:33 pm,3.000,0.46,-0.34,0.52,,,,,,,,,,,,,,,,,,,,,10/06/2023 01:16:51 pm,3.000,1.18,5.34E-4,0.01,10/06/2023 01:18:56 pm,1.500,0.89,-0.01,1.55,10/06/2023 01:20:01 pm,1.500,0.35,-0.40,-3.66,,,,,,,,,,,10/06/2023 01:23:05 pm,1.500,0.93,-0.01,-0.04,10/06/2023 01:24:01 pm,1.500,1.34,-0.27,,,,,,,,,,,,,,,,,,,,,,10/06/2023 01:28:05 pm,1.500,0.19,5.48,146.88,,,,,,10/06/2023 01:29:38 pm,1.500,0.94,-0.27,-27.00,,,,,
,,,,,10/06/2023 01:11:33 pm,3.050,0.45,-0.31,0.59,,,,,,,,,,,,,,,,,,,,,10/06/2023 01:16:51 pm,3.050,1.18,0.00,0.00,10/06/2023 01:18:56 pm,1.525,0.89,-0.01,0.42,10/06/2023 01:20:01 pm,1.525,0.33,-0.46,0.90,,,,,,,,,,,10/06/2023 01:23:05 pm,1.525,0.93,-0.01,0.02,10/06/2023 01:24:01 pm,1.525,1.33,,,,,,,,,,,,,,,,,,,,,,,10/06/2023 01:28:05 pm,1.525,0.18,11.03,74.84,,,,,,10/06/2023 01:29:38 pm,1.525,0.82,-0.13,6.38,,,,,
,,,,,10/06/2023 01:11:33 pm,3.100,0.43,-0.28,0.72,,,,,,,,,,,,,,,,,,,,,10/06/2023 01:16:51 pm,3.100,1.18,0.00,0.00,10/06/2023 01:18:56 pm,1.550,0.89,0.00,0.39,10/06/2023 01:20:01 pm,1.550,0.32,-0.35,6.07,,,,,,,,,,,10/06/2023 01:23:05 pm,1.550,0.93,-0.01,,,,,,,,,,,,,,,,,,,,,,,,,,,10/06/2023 01:28:05 pm,1.550,1.01,11.12,-72.54,,,,,,10/06/2023 01:29:38 pm,1.550,0.92,0.58,8.60,,,,,
,,,,,10/06/2023 01:11:33 pm,3.150,0.42,-0.24,,,,,,,,,,,,,,,,,,,,,,10/06/2023 01:16:51 pm,3.150,1.18,6.13E-4,-0.01,10/06/2023 01:18:56 pm,1.575,0.89,0.01,0.35,10/06/2023 01:20:01 pm,1.575,0.32,-0.13,10.50,,,,,,,,,,,10/06/2023 01:23:05 pm,1.575,0.93,0.00,,,,,,,,,,,,,,,,,,,,,,,,,,,10/06/2023 01:28:05 pm,1.575,1.02,5.62,-148.16,,,,,,10/06/2023 01:29:38 pm,1.575,0.92,0.77,-1.70,,,,,
,,,,,10/06/2023 01:11:33 pm,3.200,0.41,-0.19,,,,,,,,,,,,,,,,,,,,,,10/06/2023 01:16:51 pm,3.200,1.18,0.00,-0.01,10/06/2023 01:18:56 pm,1.600,0.89,0.03,0.40,10/06/2023 01:20:01 pm,1.600,0.31,0.17,,,,,,,,,,,,10/06/2023 01:23:05 pm,1.600,0.93,,,,,,,,,,,,,,,,,,,,,,,,,,,,10/06/2023 01:28:05 pm,1.600,1.02,0.00,-112.72,,,,,,10/06/2023 01:29:38 pm,1.600,0.92,0.12,,,,,,
,,,,,10/06/2023 01:11:33 pm,3.250,0.40,,,,,,,,,,,,,,,,,,,,,,,10/06/2023 01:16:51 pm,3.250,1.18,0.00,0.00,10/06/2023 01:18:56 pm,1.625,0.89,0.02,0.47,10/06/2023 01:20:01 pm,1.625,0.32,0.59,,,,,,,,,,,,,,,,,,,,,,,,,,,,,,,,,,,,,,,,,,10/06/2023 01:28:05 pm,1.625,1.01,-0.08,-38.38,,,,,,10/06/2023 01:29:38 pm,1.625,0.93,0.07,,,,,,
,,,,,,,,,,,,,,,,,,,,,,,,,,,,,,10/06/2023 01:16:51 pm,3.300,1.18,0.00,0.00,10/06/2023 01:18:56 pm,1.650,0.89,0.05,0.33,10/06/2023 01:20:01 pm,1.650,0.34,,,,,,,,,,,,,,,,,,,,,,,,,,,,,,,,,,,,,,,,,,,10/06/2023 01:28:05 pm,1.650,1.01,-0.09,0.07,,,,,,10/06/2023 01:29:38 pm,1.650,0.93,,,,,,,
,,,,,,,,,,,,,,,,,,,,,,,,,,,,,,10/06/2023 01:16:51 pm,3.350,1.18,0.00,0.00,10/06/2023 01:18:56 pm,1.675,0.89,0.06,0.05,,,,,,,,,,,,,,,,,,,,,,,,,,,,,,,,,,,,,,,,,,,,,,10/06/2023 01:28:05 pm,1.675,1.01,-0.05,0.96,,,,,,,,,,,,,,,
,,,,,,,,,,,,,,,,,,,,,,,,,,,,,,10/06/2023 01:16:51 pm,3.400,1.18,0.00,0.00,10/06/2023 01:18:56 pm,1.700,0.90,0.04,-0.18,,,,,,,,,,,,,,,,,,,,,,,,,,,,,,,,,,,,,,,,,,,,,,10/06/2023 01:28:05 pm,1.700,1.01,-0.02,,,,,,,,,,,,,,,,
,,,,,,,,,,,,,,,,,,,,,,,,,,,,,,10/06/2023 01:16:51 pm,3.450,1.18,0.00,0.00,10/06/2023 01:18:56 pm,1.725,0.90,0.04,-0.16,,,,,,,,,,,,,,,,,,,,,,,,,,,,,,,,,,,,,,,,,,,,,,10/06/2023 01:28:05 pm,1.725,1.01,-0.01,,,,,,,,,,,,,,,,
,,,,,,,,,,,,,,,,,,,,,,,,,,,,,,10/06/2023 01:16:51 pm,3.500,1.18,0.00,0.00,10/06/2023 01:18:56 pm,1.750,0.90,0.04,-0.26,,,,,,,,,,,,,,,,,,,,,,,,,,,,,,,,,,,,,,,,,,,,,,10/06/2023 01:28:05 pm,1.750,1.01,,,,,,,,,,,,,,,,,
,,,,,,,,,,,,,,,,,,,,,,,,,,,,,,10/06/2023 01:16:51 pm,3.550,1.18,0.00,1.31E-4,10/06/2023 01:18:56 pm,1.775,0.90,0.03,-0.49,,,,,,,,,,,,,,,,,,,,,,,,,,,,,,,,,,,,,,,,,,,,,,,,,,,,,,,,,,,,,,,,,
,,,,,,,,,,,,,,,,,,,,,,,,,,,,,,10/06/2023 01:16:51 pm,3.600,1.18,0.00,0.00,10/06/2023 01:18:56 pm,1.800,0.90,0.01,-0.44,,,,,,,,,,,,,,,,,,,,,,,,,,,,,,,,,,,,,,,,,,,,,,,,,,,,,,,,,,,,,,,,,
,,,,,,,,,,,,,,,,,,,,,,,,,,,,,,10/06/2023 01:16:51 pm,3.650,1.18,3.93E-5,-0.01,10/06/2023 01:18:56 pm,1.825,0.90,-7.23E-4,-0.22,,,,,,,,,,,,,,,,,,,,,,,,,,,,,,,,,,,,,,,,,,,,,,,,,,,,,,,,,,,,,,,,,
,,,,,,,,,,,,,,,,,,,,,,,,,,,,,,10/06/2023 01:16:51 pm,3.700,1.18,-5.34E-4,-0.01,10/06/2023 01:18:56 pm,1.850,0.90,0.01,-0.01,,,,,,,,,,,,,,,,,,,,,,,,,,,,,,,,,,,,,,,,,,,,,,,,,,,,,,,,,,,,,,,,,
,,,,,,,,,,,,,,,,,,,,,,,,,,,,,,10/06/2023 01:16:51 pm,3.750,1.18,0.00,0.00,10/06/2023 01:18:56 pm,1.875,0.90,0.00,0.03,,,,,,,,,,,,,,,,,,,,,,,,,,,,,,,,,,,,,,,,,,,,,,,,,,,,,,,,,,,,,,,,,
,,,,,,,,,,,,,,,,,,,,,,,,,,,,,,10/06/2023 01:16:51 pm,3.800,1.18,0.00,0.00,10/06/2023 01:18:56 pm,1.900,0.90,0.00,-0.02,,,,,,,,,,,,,,,,,,,,,,,,,,,,,,,,,,,,,,,,,,,,,,,,,,,,,,,,,,,,,,,,,
,,,,,,,,,,,,,,,,,,,,,,,,,,,,,,10/06/2023 01:16:51 pm,3.850,1.18,-6.13E-4,0.01,10/06/2023 01:18:56 pm,1.925,0.90,0.01,-0.02,,,,,,,,,,,,,,,,,,,,,,,,,,,,,,,,,,,,,,,,,,,,,,,,,,,,,,,,,,,,,,,,,
,,,,,,,,,,,,,,,,,,,,,,,,,,,,,,10/06/2023 01:16:51 pm,3.900,1.18,0.00,0.01,10/06/2023 01:18:56 pm,1.950,0.90,9.06E-4,0.07,,,,,,,,,,,,,,,,,,,,,,,,,,,,,,,,,,,,,,,,,,,,,,,,,,,,,,,,,,,,,,,,,
,,,,,,,,,,,,,,,,,,,,,,,,,,,,,,10/06/2023 01:16:51 pm,3.950,1.18,0.00,0.00,10/06/2023 01:18:56 pm,1.975,0.90,0.00,,,,,,,,,,,,,,,,,,,,,,,,,,,,,,,,,,,,,,,,,,,,,,,,,,,,,,,,,,,,,,,,,,
,,,,,,,,,,,,,,,,,,,,,,,,,,,,,,10/06/2023 01:16:52 pm,4.000,1.18,0.00,0.00,10/06/2023 01:18:57 pm,2.000,0.90,0.02,,,,,,,,,,,,,,,,,,,,,,,,,,,,,,,,,,,,,,,,,,,,,,,,,,,,,,,,,,,,,,,,,,
,,,,,,,,,,,,,,,,,,,,,,,,,,,,,,10/06/2023 01:16:52 pm,4.050,1.18,0.00,-1.31E-4,10/06/2023 01:18:57 pm,2.025,0.90,,,,,,,,,,,,,,,,,,,,,,,,,,,,,,,,,,,,,,,,,,,,,,,,,,,,,,,,,,,,,,,,,,,
,,,,,,,,,,,,,,,,,,,,,,,,,,,,,,10/06/2023 01:16:52 pm,4.100,1.18,0.00,0.00,,,,,,,,,,,,,,,,,,,,,,,,,,,,,,,,,,,,,,,,,,,,,,,,,,,,,,,,,,,,,,,,,,,,,,
,,,,,,,,,,,,,,,,,,,,,,,,,,,,,,10/06/2023 01:16:52 pm,4.150,1.18,-3.93E-5,0.01,,,,,,,,,,,,,,,,,,,,,,,,,,,,,,,,,,,,,,,,,,,,,,,,,,,,,,,,,,,,,,,,,,,,,,
,,,,,,,,,,,,,,,,,,,,,,,,,,,,,,10/06/2023 01:16:52 pm,4.200,1.18,5.34E-4,0.00,,,,,,,,,,,,,,,,,,,,,,,,,,,,,,,,,,,,,,,,,,,,,,,,,,,,,,,,,,,,,,,,,,,,,,
,,,,,,,,,,,,,,,,,,,,,,,,,,,,,,10/06/2023 01:16:52 pm,4.250,1.18,0.00,-0.01,,,,,,,,,,,,,,,,,,,,,,,,,,,,,,,,,,,,,,,,,,,,,,,,,,,,,,,,,,,,,,,,,,,,,,
,,,,,,,,,,,,,,,,,,,,,,,,,,,,,,10/06/2023 01:16:52 pm,4.300,1.18,1.18E-4,-0.02,,,,,,,,,,,,,,,,,,,,,,,,,,,,,,,,,,,,,,,,,,,,,,,,,,,,,,,,,,,,,,,,,,,,,,
,,,,,,,,,,,,,,,,,,,,,,,,,,,,,,10/06/2023 01:16:52 pm,4.350,1.18,0.00,-0.01,,,,,,,,,,,,,,,,,,,,,,,,,,,,,,,,,,,,,,,,,,,,,,,,,,,,,,,,,,,,,,,,,,,,,,
,,,,,,,,,,,,,,,,,,,,,,,,,,,,,,10/06/2023 01:16:52 pm,4.400,1.18,0.00,0.01,,,,,,,,,,,,,,,,,,,,,,,,,,,,,,,,,,,,,,,,,,,,,,,,,,,,,,,,,,,,,,,,,,,,,,
,,,,,,,,,,,,,,,,,,,,,,,,,,,,,,10/06/2023 01:16:52 pm,4.450,1.18,-6.91E-4,0.02,,,,,,,,,,,,,,,,,,,,,,,,,,,,,,,,,,,,,,,,,,,,,,,,,,,,,,,,,,,,,,,,,,,,,,
,,,,,,,,,,,,,,,,,,,,,,,,,,,,,,10/06/2023 01:16:52 pm,4.500,1.18,0.00,0.02,,,,,,,,,,,,,,,,,,,,,,,,,,,,,,,,,,,,,,,,,,,,,,,,,,,,,,,,,,,,,,,,,,,,,,
,,,,,,,,,,,,,,,,,,,,,,,,,,,,,,10/06/2023 01:16:52 pm,4.550,1.18,4.95E-4,-0.01,,,,,,,,,,,,,,,,,,,,,,,,,,,,,,,,,,,,,,,,,,,,,,,,,,,,,,,,,,,,,,,,,,,,,,
,,,,,,,,,,,,,,,,,,,,,,,,,,,,,,10/06/2023 01:16:52 pm,4.600,1.18,0.00,-0.12,,,,,,,,,,,,,,,,,,,,,,,,,,,,,,,,,,,,,,,,,,,,,,,,,,,,,,,,,,,,,,,,,,,,,,
,,,,,,,,,,,,,,,,,,,,,,,,,,,,,,10/06/2023 01:16:52 pm,4.650,1.18,0.00,-0.25,,,,,,,,,,,,,,,,,,,,,,,,,,,,,,,,,,,,,,,,,,,,,,,,,,,,,,,,,,,,,,,,,,,,,,
,,,,,,,,,,,,,,,,,,,,,,,,,,,,,,10/06/2023 01:16:52 pm,4.700,1.18,-0.03,-0.31,,,,,,,,,,,,,,,,,,,,,,,,,,,,,,,,,,,,,,,,,,,,,,,,,,,,,,,,,,,,,,,,,,,,,,
,,,,,,,,,,,,,,,,,,,,,,,,,,,,,,10/06/2023 01:16:52 pm,4.750,1.18,-0.04,-0.09,,,,,,,,,,,,,,,,,,,,,,,,,,,,,,,,,,,,,,,,,,,,,,,,,,,,,,,,,,,,,,,,,,,,,,
,,,,,,,,,,,,,,,,,,,,,,,,,,,,,,10/06/2023 01:16:52 pm,4.800,1.17,-0.05,0.35,,,,,,,,,,,,,,,,,,,,,,,,,,,,,,,,,,,,,,,,,,,,,,,,,,,,,,,,,,,,,,,,,,,,,,
,,,,,,,,,,,,,,,,,,,,,,,,,,,,,,10/06/2023 01:16:52 pm,4.850,1.17,-0.01,0.62,,,,,,,,,,,,,,,,,,,,,,,,,,,,,,,,,,,,,,,,,,,,,,,,,,,,,,,,,,,,,,,,,,,,,,
,,,,,,,,,,,,,,,,,,,,,,,,,,,,,,10/06/2023 01:16:52 pm,4.900,1.17,0.04,0.46,,,,,,,,,,,,,,,,,,,,,,,,,,,,,,,,,,,,,,,,,,,,,,,,,,,,,,,,,,,,,,,,,,,,,,
,,,,,,,,,,,,,,,,,,,,,,,,,,,,,,10/06/2023 01:16:52 pm,4.950,1.18,0.05,0.00,,,,,,,,,,,,,,,,,,,,,,,,,,,,,,,,,,,,,,,,,,,,,,,,,,,,,,,,,,,,,,,,,,,,,,
,,,,,,,,,,,,,,,,,,,,,,,,,,,,,,10/06/2023 01:16:53 pm,5.000,1.18,0.03,-0.26,,,,,,,,,,,,,,,,,,,,,,,,,,,,,,,,,,,,,,,,,,,,,,,,,,,,,,,,,,,,,,,,,,,,,,
,,,,,,,,,,,,,,,,,,,,,,,,,,,,,,10/06/2023 01:16:53 pm,5.050,1.18,0.00,-0.20,,,,,,,,,,,,,,,,,,,,,,,,,,,,,,,,,,,,,,,,,,,,,,,,,,,,,,,,,,,,,,,,,,,,,,
,,,,,,,,,,,,,,,,,,,,,,,,,,,,,,10/06/2023 01:16:53 pm,5.100,1.18,0.01,-0.07,,,,,,,,,,,,,,,,,,,,,,,,,,,,,,,,,,,,,,,,,,,,,,,,,,,,,,,,,,,,,,,,,,,,,,
,,,,,,,,,,,,,,,,,,,,,,,,,,,,,,10/06/2023 01:16:53 pm,5.150,1.18,0.01,-0.04,,,,,,,,,,,,,,,,,,,,,,,,,,,,,,,,,,,,,,,,,,,,,,,,,,,,,,,,,,,,,,,,,,,,,,
,,,,,,,,,,,,,,,,,,,,,,,,,,,,,,10/06/2023 01:16:53 pm,5.200,1.18,-5.34E-4,-0.07,,,,,,,,,,,,,,,,,,,,,,,,,,,,,,,,,,,,,,,,,,,,,,,,,,,,,,,,,,,,,,,,,,,,,,
,,,,,,,,,,,,,,,,,,,,,,,,,,,,,,10/06/2023 01:16:53 pm,5.250,1.18,0.00,-0.03,,,,,,,,,,,,,,,,,,,,,,,,,,,,,,,,,,,,,,,,,,,,,,,,,,,,,,,,,,,,,,,,,,,,,,
,,,,,,,,,,,,,,,,,,,,,,,,,,,,,,10/06/2023 01:16:53 pm,5.300,1.18,-6.91E-4,0.01,,,,,,,,,,,,,,,,,,,,,,,,,,,,,,,,,,,,,,,,,,,,,,,,,,,,,,,,,,,,,,,,,,,,,,
,,,,,,,,,,,,,,,,,,,,,,,,,,,,,,10/06/2023 01:16:53 pm,5.350,1.18,0.00,0.01,,,,,,,,,,,,,,,,,,,,,,,,,,,,,,,,,,,,,,,,,,,,,,,,,,,,,,,,,,,,,,,,,,,,,,
,,,,,,,,,,,,,,,,,,,,,,,,,,,,,,10/06/2023 01:16:53 pm,5.400,1.18,0.00,5.23E-4,,,,,,,,,,,,,,,,,,,,,,,,,,,,,,,,,,,,,,,,,,,,,,,,,,,,,,,,,,,,,,,,,,,,,,
,,,,,,,,,,,,,,,,,,,,,,,,,,,,,,10/06/2023 01:16:53 pm,5.450,1.18,6.13E-4,-0.01,,,,,,,,,,,,,,,,,,,,,,,,,,,,,,,,,,,,,,,,,,,,,,,,,,,,,,,,,,,,,,,,,,,,,,
,,,,,,,,,,,,,,,,,,,,,,,,,,,,,,10/06/2023 01:16:53 pm,5.500,1.18,0.00,-0.01,,,,,,,,,,,,,,,,,,,,,,,,,,,,,,,,,,,,,,,,,,,,,,,,,,,,,,,,,,,,,,,,,,,,,,
,,,,,,,,,,,,,,,,,,,,,,,,,,,,,,10/06/2023 01:16:53 pm,5.550,1.18,0.00,0.00,,,,,,,,,,,,,,,,,,,,,,,,,,,,,,,,,,,,,,,,,,,,,,,,,,,,,,,,,,,,,,,,,,,,,,
,,,,,,,,,,,,,,,,,,,,,,,,,,,,,,10/06/2023 01:16:53 pm,5.600,1.18,0.00,0.00,,,,,,,,,,,,,,,,,,,,,,,,,,,,,,,,,,,,,,,,,,,,,,,,,,,,,,,,,,,,,,,,,,,,,,
,,,,,,,,,,,,,,,,,,,,,,,,,,,,,,10/06/2023 01:16:53 pm,5.650,1.18,-3.93E-5,0.01,,,,,,,,,,,,,,,,,,,,,,,,,,,,,,,,,,,,,,,,,,,,,,,,,,,,,,,,,,,,,,,,,,,,,,
,,,,,,,,,,,,,,,,,,,,,,,,,,,,,,10/06/2023 01:16:53 pm,5.700,1.18,4.56E-4,0.02,,,,,,,,,,,,,,,,,,,,,,,,,,,,,,,,,,,,,,,,,,,,,,,,,,,,,,,,,,,,,,,,,,,,,,
,,,,,,,,,,,,,,,,,,,,,,,,,,,,,,10/06/2023 01:16:53 pm,5.750,1.18,0.00,0.02,,,,,,,,,,,,,,,,,,,,,,,,,,,,,,,,,,,,,,,,,,,,,,,,,,,,,,,,,,,,,,,,,,,,,,
,,,,,,,,,,,,,,,,,,,,,,,,,,,,,,10/06/2023 01:16:53 pm,5.800,1.18,0.00,0.01,,,,,,,,,,,,,,,,,,,,,,,,,,,,,,,,,,,,,,,,,,,,,,,,,,,,,,,,,,,,,,,,,,,,,,
,,,,,,,,,,,,,,,,,,,,,,,,,,,,,,10/06/2023 01:16:53 pm,5.850,1.18,0.00,-0.01,,,,,,,,,,,,,,,,,,,,,,,,,,,,,,,,,,,,,,,,,,,,,,,,,,,,,,,,,,,,,,,,,,,,,,
,,,,,,,,,,,,,,,,,,,,,,,,,,,,,,10/06/2023 01:16:53 pm,5.900,1.18,0.00,-0.02,,,,,,,,,,,,,,,,,,,,,,,,,,,,,,,,,,,,,,,,,,,,,,,,,,,,,,,,,,,,,,,,,,,,,,
,,,,,,,,,,,,,,,,,,,,,,,,,,,,,,10/06/2023 01:16:53 pm,5.950,1.18,0.00,-0.01,,,,,,,,,,,,,,,,,,,,,,,,,,,,,,,,,,,,,,,,,,,,,,,,,,,,,,,,,,,,,,,,,,,,,,
,,,,,,,,,,,,,,,,,,,,,,,,,,,,,,10/06/2023 01:16:54 pm,6.000,1.18,0.00,0.00,,,,,,,,,,,,,,,,,,,,,,,,,,,,,,,,,,,,,,,,,,,,,,,,,,,,,,,,,,,,,,,,,,,,,,
,,,,,,,,,,,,,,,,,,,,,,,,,,,,,,10/06/2023 01:16:54 pm,6.050,1.18,-3.93E-5,0.01,,,,,,,,,,,,,,,,,,,,,,,,,,,,,,,,,,,,,,,,,,,,,,,,,,,,,,,,,,,,,,,,,,,,,,
,,,,,,,,,,,,,,,,,,,,,,,,,,,,,,10/06/2023 01:16:54 pm,6.100,1.18,5.34E-4,0.01,,,,,,,,,,,,,,,,,,,,,,,,,,,,,,,,,,,,,,,,,,,,,,,,,,,,,,,,,,,,,,,,,,,,,,
,,,,,,,,,,,,,,,,,,,,,,,,,,,,,,10/06/2023 01:16:54 pm,6.150,1.18,0.00,0.00,,,,,,,,,,,,,,,,,,,,,,,,,,,,,,,,,,,,,,,,,,,,,,,,,,,,,,,,,,,,,,,,,,,,,,
,,,,,,,,,,,,,,,,,,,,,,,,,,,,,,10/06/2023 01:16:54 pm,6.200,1.18,0.00,0.00,,,,,,,,,,,,,,,,,,,,,,,,,,,,,,,,,,,,,,,,,,,,,,,,,,,,,,,,,,,,,,,,,,,,,,
,,,,,,,,,,,,,,,,,,,,,,,,,,,,,,10/06/2023 01:16:54 pm,6.250,1.18,6.13E-4,-0.01,,,,,,,,,,,,,,,,,,,,,,,,,,,,,,,,,,,,,,,,,,,,,,,,,,,,,,,,,,,,,,,,,,,,,,
,,,,,,,,,,,,,,,,,,,,,,,,,,,,,,10/06/2023 01:16:54 pm,6.300,1.18,0.00,-0.01,,,,,,,,,,,,,,,,,,,,,,,,,,,,,,,,,,,,,,,,,,,,,,,,,,,,,,,,,,,,,,,,,,,,,,
,,,,,,,,,,,,,,,,,,,,,,,,,,,,,,10/06/2023 01:16:54 pm,6.350,1.18,0.00,0.00,,,,,,,,,,,,,,,,,,,,,,,,,,,,,,,,,,,,,,,,,,,,,,,,,,,,,,,,,,,,,,,,,,,,,,
,,,,,,,,,,,,,,,,,,,,,,,,,,,,,,10/06/2023 01:16:54 pm,6.400,1.18,3.93E-5,-0.01,,,,,,,,,,,,,,,,,,,,,,,,,,,,,,,,,,,,,,,,,,,,,,,,,,,,,,,,,,,,,,,,,,,,,,
,,,,,,,,,,,,,,,,,,,,,,,,,,,,,,10/06/2023 01:16:54 pm,6.450,1.18,-4.95E-4,-0.02,,,,,,,,,,,,,,,,,,,,,,,,,,,,,,,,,,,,,,,,,,,,,,,,,,,,,,,,,,,,,,,,,,,,,,
,,,,,,,,,,,,,,,,,,,,,,,,,,,,,,10/06/2023 01:16:54 pm,6.500,1.18,0.00,-0.02,,,,,,,,,,,,,,,,,,,,,,,,,,,,,,,,,,,,,,,,,,,,,,,,,,,,,,,,,,,,,,,,,,,,,,
,,,,,,,,,,,,,,,,,,,,,,,,,,,,,,10/06/2023 01:16:54 pm,6.550,1.18,0.00,-0.02,,,,,,,,,,,,,,,,,,,,,,,,,,,,,,,,,,,,,,,,,,,,,,,,,,,,,,,,,,,,,,,,,,,,,,
,,,,,,,,,,,,,,,,,,,,,,,,,,,,,,10/06/2023 01:16:54 pm,6.600,1.18,0.00,0.00,,,,,,,,,,,,,,,,,,,,,,,,,,,,,,,,,,,,,,,,,,,,,,,,,,,,,,,,,,,,,,,,,,,,,,
,,,,,,,,,,,,,,,,,,,,,,,,,,,,,,10/06/2023 01:16:54 pm,6.650,1.18,0.00,0.01,,,,,,,,,,,,,,,,,,,,,,,,,,,,,,,,,,,,,,,,,,,,,,,,,,,,,,,,,,,,,,,,,,,,,,
,,,,,,,,,,,,,,,,,,,,,,,,,,,,,,10/06/2023 01:16:54 pm,6.700,1.18,0.00,0.02,,,,,,,,,,,,,,,,,,,,,,,,,,,,,,,,,,,,,,,,,,,,,,,,,,,,,,,,,,,,,,,,,,,,,,
,,,,,,,,,,,,,,,,,,,,,,,,,,,,,,10/06/2023 01:16:54 pm,6.750,1.18,0.00,0.01,,,,,,,,,,,,,,,,,,,,,,,,,,,,,,,,,,,,,,,,,,,,,,,,,,,,,,,,,,,,,,,,,,,,,,
,,,,,,,,,,,,,,,,,,,,,,,,,,,,,,10/06/2023 01:16:54 pm,6.800,1.18,-5.34E-4,0.00,,,,,,,,,,,,,,,,,,,,,,,,,,,,,,,,,,,,,,,,,,,,,,,,,,,,,,,,,,,,,,,,,,,,,,
,,,,,,,,,,,,,,,,,,,,,,,,,,,,,,10/06/2023 01:16:54 pm,6.850,1.18,0.00,0.00,,,,,,,,,,,,,,,,,,,,,,,,,,,,,,,,,,,,,,,,,,,,,,,,,,,,,,,,,,,,,,,,,,,,,,
,,,,,,,,,,,,,,,,,,,,,,,,,,,,,,10/06/2023 01:16:54 pm,6.900,1.18,0.00,0.00,,,,,,,,,,,,,,,,,,,,,,,,,,,,,,,,,,,,,,,,,,,,,,,,,,,,,,,,,,,,,,,,,,,,,,
,,,,,,,,,,,,,,,,,,,,,,,,,,,,,,10/06/2023 01:16:54 pm,6.950,1.18,0.00,0.01,,,,,,,,,,,,,,,,,,,,,,,,,,,,,,,,,,,,,,,,,,,,,,,,,,,,,,,,,,,,,,,,,,,,,,
,,,,,,,,,,,,,,,,,,,,,,,,,,,,,,10/06/2023 01:16:55 pm,7.000,1.18,-3.93E-5,0.01,,,,,,,,,,,,,,,,,,,,,,,,,,,,,,,,,,,,,,,,,,,,,,,,,,,,,,,,,,,,,,,,,,,,,,
,,,,,,,,,,,,,,,,,,,,,,,,,,,,,,10/06/2023 01:16:55 pm,7.050,1.18,5.73E-4,0.01,,,,,,,,,,,,,,,,,,,,,,,,,,,,,,,,,,,,,,,,,,,,,,,,,,,,,,,,,,,,,,,,,,,,,,
,,,,,,,,,,,,,,,,,,,,,,,,,,,,,,10/06/2023 01:16:55 pm,7.100,1.18,5.34E-4,0.01,,,,,,,,,,,,,,,,,,,,,,,,,,,,,,,,,,,,,,,,,,,,,,,,,,,,,,,,,,,,,,,,,,,,,,
,,,,,,,,,,,,,,,,,,,,,,,,,,,,,,10/06/2023 01:16:55 pm,7.150,1.18,0.00,6.54E-4,,,,,,,,,,,,,,,,,,,,,,,,,,,,,,,,,,,,,,,,,,,,,,,,,,,,,,,,,,,,,,,,,,,,,,
,,,,,,,,,,,,,,,,,,,,,,,,,,,,,,10/06/2023 01:16:55 pm,7.200,1.18,0.00,-0.01,,,,,,,,,,,,,,,,,,,,,,,,,,,,,,,,,,,,,,,,,,,,,,,,,,,,,,,,,,,,,,,,,,,,,,
,,,,,,,,,,,,,,,,,,,,,,,,,,,,,,10/06/2023 01:16:55 pm,7.250,1.18,7.85E-5,-0.01,,,,,,,,,,,,,,,,,,,,,,,,,,,,,,,,,,,,,,,,,,,,,,,,,,,,,,,,,,,,,,,,,,,,,,
,,,,,,,,,,,,,,,,,,,,,,,,,,,,,,10/06/2023 01:16:55 pm,7.300,1.18,0.00,0.01,,,,,,,,,,,,,,,,,,,,,,,,,,,,,,,,,,,,,,,,,,,,,,,,,,,,,,,,,,,,,,,,,,,,,,
,,,,,,,,,,,,,,,,,,,,,,,,,,,,,,10/06/2023 01:16:55 pm,7.350,1.18,-7.85E-5,,,,,,,,,,,,,,,,,,,,,,,,,,,,,,,,,,,,,,,,,,,,,,,,,,,,,,,,,,,,,,,,,,,,,,,
,,,,,,,,,,,,,,,,,,,,,,,,,,,,,,10/06/2023 01:16:55 pm,7.400,1.18,0.00,,,,,,,,,,,,,,,,,,,,,,,,,,,,,,,,,,,,,,,,,,,,,,,,,,,,,,,,,,,,,,,,,,,,,,,
,,,,,,,,,,,,,,,,,,,,,,,,,,,,,,10/06/2023 01:16:55 pm,7.450,1.18,,,,,,,,,,,,,,,,,,,,,,,,,,,,,,,,,,,,,,,,,,,,,,,,,,,,,,,,,,,,,,,,,,,,,,,,
